player_id,player_name
p6qbOXVXQ0,A.J. Cochran
315VDkYQ9x,A.J. DeLaGarza
4wM42Jezqj,A.J. Soares
7VqG3Onxqv,AJ Marcucci
9YqdW9a85v,Aaron Bibout
EGMPZny0qa,Aaron Boupendza
a35rKYrAqL,Aaron Herrera
XVqKWYGWq0,Aaron Kovar
e7Mz913GQr,Aaron Long
7vQ7ANe5D1,Aaron Maund
KPqjoWOnQ6,Aaron Schoenfeld
vzqory4B5a,Aaron Wheeler
NWMWVPyZQl,Aarón Guillén
0Oq633E7Q6,Abdi Salim
gjMN694KMK,Abdoul Zanne
7VqG0oaYQv,Abdoulaye Cissoko
xW5pXAl5g1,Abdoulie Mansally
KAqB9POB5b,Abdul Rwatubyaye
Oa5wZWXM14,Abel Aguilar
NWMWL3z75l,Aboubacar Keita
gpMOo141Mz,Abraham Rodriguez
7vQ7rmKYqD,Abraham Romero
0Oq6wjzgQ6,Abu Danladi
9vQ2B4LQK6,Adailton
7VqG00yjQv,Adam Armour
odMXEAde5Y,Adam Beaudry
gpMOaoG7qz,Adam Bedell
4JMA9R42MK,Adam Buksa
e7Mzl3gGqr,Adam Grinwis
KAqBjzb4qb,Adam Henley
gOMn6vzOMw,Adam Jahn
jYQJGDWMGR,Adam Larsen Kwarasey
Oa5wVLWAM1,Adam Lundkvist
aDQ0rNE5Ev,Adam Moffat
xW5prAPKQg,Adam Najem
NWMWxPK5lz,Adam Nemec
xW5pwWRKMg,Adam Pearlman
Pk5LemYYqO,Adam Saldana
KAqBjYyBqb,Adama Diomande
Xj5Y44KGMb,Adilson Malanda
BLMv64lMxe,Adolfo Bautista
gpMOL68O5z,Adolfo Enriquez
gpMOzL17Qz,Adolfo Machado
Vj58l2gD58,Adrian Wibowo
gOMnvdxMwN,Adrian Winter
9vQ2dRnL5K,Adrien Hunou
Oa5wAWDAQ1,Adrien Pérez
315Vv9b59x,Adrien Regattin
vzqo7xdZqa,Adrián Arregui
KPqj7DpnQ6,Adrián Zendejas
Oa5wVwxXM1,Aedan Stanley
BLMvlJ83qx,Ager Aketxe
N6MmL1wQEG,Agus
NWMWVpyKQl,Agustín Jara
9vQ24Gkx5K,Agustín Ojeda
7vQ7X1OMD1,Agustín Pelletieri
gpMOR92Qzy,Agustín Viana
315VXpO9Q9,Ahmed Hamdi
aDQ0z3P5Ev,Ahmed Kantari
OlMlBKG4qL,Ahmed Qasem
kRQa2NpbMK,Aidan Daniels
N6MmorYxqE,Aidan Morris
raMyoEVOqd,Aidan O'Connor
kRQawobY5K,Aiden Hezarkhani
0Oq63oxzQ6,Aiden McFadden
p6qbONo3Q0,Aiden O'Neill
XVqKear0M0,Aimé Mabika
NPqxx91gq9,Ajani Fortune
raMyr9D25d,Akeem Ward
eV5DLYJa5K,Akil Watts
e7Mz7N95r0,Akira Kaji
NWMWL3XK5l,Aké Arnaud Loba
xW5pZo6Qg1,Alain Rochat
wvq9p9y15W,Alan Benítez
wvq9X6JB5W,Alan Carleton
KAqB9XzA5b,Alan Franco
OlMlYJw5Lz,Alan Gordon
Xj5Y8jyyMb,Alan Pulido
KAqB9EbX5b,Alan Steven Franco
EGMPZOJVqa,Alan Velasco
aDQ0NemE5E,Alan Winn
BLMv1GlQxe,Albert Rusnák
Oa5wVYJAM1,Alberth Elis
Pk5LvnNQOW,Alberto Quintero
7vQ73KrGQD,Alec Kann
gOMn2jBXMw,Alec Smir
vzqodWY7Qa,Alejandro Alvarado Jr.
KXMe4l1Q64,Alejandro Bedoya
odMXEax05Y,Alejandro Bran
Xj5Y6JVwqb,Alejandro Fuenmayor
NWMWo2GeMl,Alejandro Granados Torres
XVqKYWG2M0,Alejandro Pozuelo
XVqKWjvNq0,Alejandro Romero Gamarra
Pk5L1dNEqO,Alejandro Silva
gOMnRPlOMw,Alejandro Zendejas
2lqRBW0qr0,Aleksandar Katai
Oa5wVzD9M1,Aleksandar Radovanovic
2vQ1dlaOqr,Aleksandr Guboglo
aDQ0aG9pME,Aleksey Miranchuk
Pk5LzBOEQO,Alenis Vargas
2lqR7yyDQr,Alessandro Biello
kRQa2okMKZ,Alessandro Nesta
p6qbe72X50,Alessandro Schöpf
Pk5L1BvLqO,Alex
ljqEjOZEQx,Alex Bono
9z5kaZEYQA,Alex Caskey
7VqGjlNY5v,Alex Crognale
BLMvlgGAqx,Alex De John
gjMNRl1pMK,Alex Gersbach
p6qbPXRpM0,Alex Harris
e7Mz9jAGQr,Alex Martinez
aDQ0PGv3QE,Alex Mighten
a35ryB2AML,Alex Monis
gpMOa1XOqz,Alex Morrell
gOMnR96lMw,Alex Muyl
gOMn66nAMw,Alex Ring
Vj58w7RmM8,Alex Roldan
vzqorxkY5a,Alex Tambakis
XVqKeenNM0,Alex Villanueva
7VqG01AzQv,Alexander Alvarado
NWMWRNKQlz,Alexander Büttner
vzqorjWv5a,Alexander Callens
gjMNjWyKMK,Alexander Freeman
gjMNv4DpMK,Alexander Hack
aDQ0a6J3ME,Alexander López
EGMPxA0MaY,Alexandre Pato
9z5k76Yd5A,Alexandros Katranis
jYQJzmgEQG,Alexandru Matan
2vQ1LD8Oqr,Alexandru Mitrita
eVq3anEgMW,Alexi Gómez
9vQ2ZdlYQK,Alfonso Ocampo-Chavez
2lqRRkw2qr,Alfredo Morales
EGMPGL6QaY,Alfredo Ortuño
jYQJz8pkQG,Alhaji Kamara
wvq9eLBwqW,Alhassan Yusuf
7VqGmnyzMv,Ali Adnan
NPqxADDYQ9,Ali Ahmed
2lqRRwmnqr,Ali Ghazal
EGMPROvAqa,Alisa Randell
9YqdoZeR5v,Alistair Johnston
eVq3GnyqWO,Aljaz Struna
4JMAaDp2MK,Aljaž Ivačič
jYQJa6EZqG,Allan Arigoni
NPqxeJ4kQ9,Allan Cruz
gOMnYnlxQw,Allen Obando
KPqjwdw8Q6,Alonso Coello
2vQ1dVlLqr,Alonso Jiménez
eVq3yp76MW,Alonso Martínez
EGMPn8Bjqa,Alphonso Davies
eV5D0G2Z5K,Alvas Powell
eVq3aLDvMW,Alvin Jones
7VqGjyKA5v,Amadou Dia
N6MmeAowME,Amahl Pellegrino
0Oq6lyX7M6,Amando Moreno
vzqo70PBqa,Amar Sejdić
raMyArbNMd,Ambroise Oyongo
N6MmKd3WqE,Amet Korça
aDQ0LRYWQE,Amine Bassi
Pk5LbW7QOW,Amobi Okugo
0x5g2NerM7,Amro Tarek
4JMA9XLYMK,Anatole Bertrand-Abang
Xj5Y6KKaqb,Anders Dreyer
315VeN4YM9,Anderson Conceicão
EGMPnReVqa,Anderson Julio
0x5gkPbP57,Anderson Rosa
Pk5LZvYQOW,Andoni Iraola
gOMnv0OMwN,Andraz Struna
zeQZRx1QKw,Andre Akpan
7VqGmob3Mv,Andre Blake
NPqxx0vXq9,Andre Reynolds
gOMnRxreMw,Andre Shinyashiki
9z5kRvdMA3,Andrea Pirlo
wvq9emNqWn,Andrea Pisanu
9vQ24Do5K6,Andreas Görlitz
gOMnR2NmMw,Andreas Ivan
Pk5LXJG5OW,Andreas Ivanschitz
NWMWXRoE5l,Andreas Maxsø
vzqod90kQa,Andres Jasson
EGMPVykqaY,Andreu Fontàs
BLMvzKKjMx,Andrew Brody
N6MmeX4LME,Andrew Carleton
7vQ74zEMD1,Andrew Driver
eVq3YmDMWO,Andrew Dykstra
ljqEj8WNQx,Andrew Farrell
315VXyJXQ9,Andrew Gutman
p6qbr04q0G,Andrew Jacobson
2vQ1L8R4qr,Andrew Jean-Baptiste
NPqxxLDkq9,Andrew Privett
N6Mme2GwME,Andrew Putna
KXMe39a6q6,Andrew Rick
jYQJz3rWQG,Andrew Tarbell
7vQ7rKGYqD,Andrew Thomas
KXMe4RvQ64,Andrew Weber
kRQabOWgMK,Andrew Wenger
0Oq6weerQ6,Andrew Wheeler-Omiunu
9vQ2VamQK6,Andrew Wiedeman
NPqxmpNXQ9,Andrew Wooten
Pk5LgNmNMO,André Horta
eVq3jx6G5W,Andrés Cubas
7VqGmWK6Mv,Andrés Escobar
9YqdkWYR5v,Andrés Flores
wvq9XGwN5W,Andrés Gómez
9vQ2ZoR7QK,Andrés Herrera
vzqoYOBMap,Andrés Imperiale
NWMWlX6K5l,Andrés Perea
BLMv7L435x,Andrés Reyes
kRQabLv8MK,Andrés Ricaurte
gOMnzEOMwN,Andrés Romero
2lqReKx5r0,Andrés Ríos
0x5gJ0wjM7,Andy Batioja
gOMn6w4eMw,Andy Craven
9z5kJpJMA3,Andy Dorman
KAqBw4mQbg,Andy Gruenebaum
kRQay0LQKZ,Andy Najar
GNPqxWm59d,Andy O'Brien
vzqo7Gkpqa,Andy Polo
raMyZGeA5d,Andy Rose
4wM42Nxdqj,Angeliño
7VqGmlz3Mv,Angelo Rodríguez
9z5k3nlg5A,Anisse Saidi
315VevzEM9,Anthony Arena
Vj58BPb2Q8,Anthony Blondell
gOMnR16JMw,Anthony Fontana
vzqo7OyYqa,Anthony Jackson-Hamel
vzqo7EpLqa,Anthony Markanich
xW5pyAAGqg,Anthony Ramirez
4JMAJYO5Kg,Anthony Wallace
Pk5Le6BPqO,Antino Lopez
NPqxx41Gq9,Antoine Coupland
0Oq6lp3AM6,Antoine Hoppenot
9z5kaDXPQA,Anton Nedyalkov
ljqE83Y5x0,Anton Tinnerholm
zeQZJm9jQK,Anton Walkes
NWMWvO7Qlz,Antonio Mlinar Delamea
NPqxpG8q9d,Antonio Nocerino
gpMOeGdrqz,Antony
zeQZeZDNqK,Antony Curic
jYQJ1PaVqG,Antônio Carlos
gjMNv7PpMK,Aníbal Godoy
0x5gJJWPM7,Ariath Piol
xW5prK4BQg,Ariel Lassiter
0Oq6l2JzM6,Armando Cooper
XVqK8BaQ01,Armando Lozano
KPqjg9EQ6v,Arnaud Souquet
vzqor7PL5a,Arnór Ingvi Traustason
7VqG3dLjqv,Artem Smoliakov
xW5prbllQg,Artur
9YqdEVkQvJ,Arturo Álvarez
0Oq6oePQ6D,Arévalo Ríos
e7Mz9w9Qr0,Ashley Cole
gpMOa9aRqz,Ashley Fletcher
0Oq6712Q6D,Ashley Westwood
aDQ0aN62ME,Ashtone Morgan
N6MmBDe5EG,Asier Illarramendi
KPqj9nE56v,Atiba Harris
NWMWe2Yqlz,Aubrey David
0Oq6w9J2Q6,Augustine Williams
BLMvzld8Mx,Auro
EGMPx9xMaY,Aurélien Collin
Vj58YZw4q8,Austin Berry
vzqo71rBqa,Auston Trusty
4JMAkzG1qK,Axel Kei
0Oq6wjm2Q6,Axel Sjöberg
aDQ0PA8lQE,Ayo Akinola
9vQ2Zx1xQK,Azaad Liadi
315VPZmnQ9,Aziel Jackson
NWMWareqlz,Bacary Sagna
xW5p4rJ5g1,Baggio Husidic
a35r6225L6,Bakary Soumaré
Pk5LgWeGMO,Bakaye Dibassy
7vQ7rXdYqD,Ballou Tabla
p6qbgNaBQ0,Baltasar Rodríguez
KAqB9K1v5b,Bartosz Slisz
9vQ2VxoQK6,Bashkim Kadrii
gpMOLml5zy,Bastian Schweinsteiger
Xj5Y9XmX5b,Beau Leroux
7VqG3Kk6qv,Belal Halbouni
9vQ2ZNGLQK,Ben Bender
gjMNvV70MK,Ben Lundt
4wM4aRZA5j,Ben McKendry
gjMNRBVDMK,Ben Mines
0Oq6lakAM6,Ben Newnam
zeQZ7z3zMK,Ben Reveno
p6qbeAGX50,Ben Speas
NWMWX3nE5l,Ben Spencer
NPqxepRmQ9,Ben Swanson
NPqxm7JXQ9,Ben Sweat
gjMNzJ0MKp,Ben Zemanski
jYQJxmD5GR,Benjamin Angoua
eVq3y38yMW,Benjamin Cremaschi
7VqG00lAQv,Benjamin Redzic
Oa5w0DmYq1,Benjamin Stitz
Oa5wYovWQ1,Benji Joya
wvq9eZdYqW,Benji Kikanović
XVqKelKaM0,Benji Michel
9Yqdx3EqvJ,Benny Feilhaber
odMXJkAqYL,Benoit Cheyrou
e7MzZ63OMr,Bernard Kamungo
0Oq6lE7xM6,Bernardo Añor
2vQ1LxR4qr,Bernie Ibini-Isei
vzqoOJ2Jqa,Bertin Jacquesson
gpMOa2rRqz,Besard Šabović
eV5D2XxAQK,Bibi Karamoko
xW5pxyLJ5g,Bilal Duckett
4JMA2D75Kg,Bill Hamid
kRQa22abMK,Bill Tuiloma
a35rl9BBQL,Billy Schuler
OlMldORMLz,Billy Sharp
OlMl9V2R5L,Birk Risa
e7Mz9YpXQr,Bismark Boateng
2lqRR3wJqr,Bjørn Inge Utvik
raMyZXrR5d,Bjørn Maars Johnsen
odMXaLW5YL,Blaise Matuidi
9z5k7X9J5A,Blake Bodily
EGMP1vPx5a,Blake Gillingham
BLMvlgR7qx,Blake Smith
KAqBaoV5bg,Blas Pérez
9YqdljOqvJ,Blerim Dzemaili
KXMeAavM64,Bobby Boswell
KXMeAokM64,Bobby Burling
wvq9E1mqWn,Bobby Convey
NWMWlnwE5l,Bobby Edwards
2vQ12LKMrA,Bobby Shuttleworth
2vQ1L4x4qr,Bobby Warshaw
XVqKYGbWM0,Bobby Wood
raMyrrNJ5d,Bode Hidalgo
xW5pKPlMg1,Bojan
jYQJamlEqG,Bongokuhle Hlongwane
gOMnz3xMwN,Boniek García
7VqGnBd5vW,Borek Dockal
raMyrwkR5d,Boris Enow
jYQJ129ZqG,Boris Sekulic
eVq3ak4GMW,Botond Baráth
Xj5Y8WllMb,Boyd Okwuonu
XVqKLVBQ01,Brad Davis
Xj5YrdRqbd,Brad Evans
0x5gZ9mM7O,Brad Guzan
wvq94NN5Wn,Brad Knighton
9vQ2P9L5K6,Brad Ring
KAqBjOz4qb,Brad Smith
p6qbeEd350,Brad Stuver
4JMA9dW2MK,Bradford Jamieson
raMyZKNl5d,Bradford Rusin
315Veg7YM9,Bradlee Baladez
NWMWXJWj5l,Bradley Diallo
Xj5Y4dXMbd,Bradley Orr
KXMedXBQ64,Bradley Wright-Phillips
xW5pr8kKQg,Braian Cufré
Pk5Le7ZmqO,Braian Galván
xW5pyyaJqg,Braian Ojeda
2lqRjL12qr,Brandan Craig
p6qbedyp50,Brandon Allen
9vQ22vLrQK,Brandon Austin
0Oq67xxQ6D,Brandon Barklage
KPqjKkPNQ6,Brandon Bye
NPqxxgBXq9,Brandon Cambridge
KXMeYlxM64,Brandon McDonald
XVqKWAZBq0,Brandon Servania
aDQ0PajGQE,Brandon Vincent
9z5k7rej5A,Brandon Vázquez
jYQJzpAkQG,Brandt Bronico
zeQZJkwzQK,Brayan Beckeles
EGMPRgDAqa,Brayan Ceballos
eV5DzXvnQK,Brayan Vera
p6qbeLpB50,Brecht Dejaegere
OlMlam05Lz,Brek Shea
NWMWVR6jQl,Brendan Hines-Ike
N6MmezdWME,Brendan McDonough
wvq9ed47qW,Brendan McSorley
BLMv70wl5x,Brenden Aaronson
eV5DLNDm5K,Brenner
7VqGjZZA5v,Brent Kallman
OlMlrvzEqL,Brenton Griffiths
Oa5wYGr4Q1,Bressan
odMX70eoQY,Bret Halsey
NPqxe4EmQ9,Brett Levis
KAqB9KxB5b,Brian Anunga
jYQJzwYyQG,Brian Brown
KAqBd34Mbg,Brian Carroll
0x5g1NZQ7O,Brian Ching
KAqB9LnX5b,Brian Fernández
KPqjKWwPQ6,Brian Gutiérrez
Xj5Yj6Eqbd,Brian Mullan
a35rY9eML6,Brian Ownby
2vQ128xMrA,Brian Perk
eVq3xXL6QW,Brian Rodríguez
eV5D0gka5K,Brian Rowe
BLMvl7ORqx,Brian Sylvestre
NWMWlWle5l,Brian White
kRQa2oe8MK,Brian Wright
KPqjoRG4Q6,Bright Dike
KXMe3y6vq6,Brooklyn Raines
N6MmeKWLME,Brooks Lennon
ljqEJonzQx,Bruno Damiani
0x5g2wGjM7,Bruno Gaspar
0Oq6weYXQ6,Bruno Miranda
7VqGjbre5v,Bruno Wilson
2lqRkYZnQr,Bryan Acosta
9vQ2dyB95K,Bryan Meredith
raMyDodQd2,Bryan Oviedo
gOMnRE1JMw,Bryan Reynolds
vzqo7b9Lqa,Bryan Róchez
p6qbeO2850,Bryan de la Fuente
2lqRJeA4qr,Bryant Farkarlun
gpMOoOpOMz,Bryce Duke
2vQ1L4XOqr,C.J. Sapong
eV5Dzr7EQK,CJ Fodrey
jYQJz0RGQG,CJ dos Santos
4JMAoJgYqK,Cade Cowell
0x5gLpbwq7,Caden Clark
9z5k31KP5A,Caden Glover
p6qbomNwQ0,Caio Alexandre
9vQ223NeQK,Cal Jennings
gjMNv4J4MK,Caleb Calvert
kRQabZyoMK,Caleb Stanko
eV5DzJgOQK,Caleb Wiley
gpMOokN7Mz,Calegari
7VqGmO0eMv,Calum Mallace
odMX70VAQY,Calvin Harris
odMXrPeqYL,Cam Weaver
Pk5Lem7LqO,Cameron Cilley
0Oq6wel7Q6,Cameron Duke
aDQ0NN9v5E,Cameron Dunbar
KPqjKLjnQ6,Cameron Harper
Vj58BVp4Q8,Cameron Lindley
7VqGj9E35v,Cameron Porter
9vQ2x7r5K6,Camilo Sanvezzo
4wM4JbWzqj,Carl Sainté
vzqorrRk5a,Carles Gil
p6qbeAm650,Carlo Chueca
lgpMOvnQzy,Carlo Cudicini
XVqKYpkaM0,Carlos Akapo
9vQ2dgox5K,Carlos Alvarez
raMyZXgA5d,Carlos Ascues
KPqjBE4q6v,Carlos Bocanegra
2lqRNx4qr0,Carlos Borja
eVq3g1nqWO,Carlos Carmona
NPqxeg1GQ9,Carlos Cermeño
315VXNkGQ9,Carlos Coronel
Vj58Y3x2q8,Carlos Fierro
jYQJ1GRWqG,Carlos Gruezo
p6qboGWbQ0,Carlos Harvey
odMX86Z0MY,Carlos Lizarazo
BLMvzznAMx,Carlos Rivas
gOMnamAQwN,Carlos Ruiz
Pk5L1Gk7qO,Carlos Salcedo
OlMleawP5L,Carlos Terán
KPqjEa456v,Carlos Valdés
Oa5wJkgM14,Carlos Vela
eV5D07mY5K,Carlyle Mitchell
gjMNjPx4MK,Carter Manley
odMX8ZE2MY,Casey Townsend
eV5DkdWnMK,Cassius Mailula
jYQJgEJdMG,Cavan Sullivan
Xj5Y6xmaqb,Cayman Togashi
BLMvzPNlMx,Cecilio Domínguez
KPqj7K72Q6,Cedric Teuchert
0Oq6aoX56D,Cedrick
vzqo7YOpqa,Cengiz Ünder
9YqddY89qv,Cesar Ruvalcaba
odMXjdxqYL,Chad Barrett
Vj58YO7wq8,Chad Barson
gpMOW7DMzy,Chad Marshall
eVq3Jn65WO,Chance Myers
0x5gPwLZq7,Chandler Hoffman
eVq3a8ajMW,Charles Eloundou
Oa5wAP44Q1,Charles Sharp
xW5pgaJMg1,Charlie Davies
4JMAaDJ9MK,Charlie Rugg
9vQ2dlLa5K,Charlie Ward
OlMl9ZOw5L,Chase Gasper
eV5DWXJMKn,Chicharito
aDQ0PwNpQE,Chidozie Awaziem
KPqjkoEQ6v,Chris Albright
jYQJYzKDqG,Chris Applewhite
gOMnlA96qw,Chris Brady
gjMNvzNjMK,Chris Cadden
4wM4E8Xg5j,Chris Donovan
jYQJznnkQG,Chris Durkin
ljqEjEVoQx,Chris Duvall
gpMOoa2RMz,Chris Kablan
a35rlgewQL,Chris Klute
Xj5YrKyqbd,Chris Konopka
gOMn6ldmMw,Chris Korb
EGMPy6A5aY,Chris Mavinga
KAqBnPJqbg,Chris McCann
Oa5wVgVYM1,Chris Mueller
xW5prjd6Qg,Chris Odoi-Atsem
gpMOk9rMzy,Chris Pontius
zeQZkkOjMK,Chris Rindov
KPqj7Rg2Q6,Chris Ritter
7VqGz665vW,Chris Rolfe
4JMAw92qKg,Chris Schuler
4wM40A4MjB,Chris Seitz
kRQadBoqKZ,Chris Tierney
7VqGGGdqvW,Chris Wingert
KAqBw3AQbg,Chris Wondolowski
gjMNrbKMKp,Christian Benteke
NWMWbpDQlz,Christian Bolaños
ljqEjgK4Qx,Christian Dean
jYQJbkDQGR,Christian Fernández
eVq3zwj5WO,Christian Fuchs
7VqGmAvAMv,Christian Mafla
315VXDObQ9,Christian Makoun
315V7An9q9,Christian McFarlane
KXMeO4D6q6,Christian Ortíz
gOMn6n8XMw,Christian Ramírez
315VPg0EQ9,Christian Torres
9z5k3r7a5A,Christopher Cupps
7vQ7Bvx8qD,Christopher Garcia
gpMOa0y1qz,Christopher Gloster
aDQ0NNWE5E,Christopher Hegardt
Xj5YLGKxMb,Christopher McVey
xW5pw0L6Mg,Christopher Olney Jr.
gOMnR0w8Mw,Christopher Wehan
Vj580vE58n,Clarence Goodson
9YqdnlmMvJ,Claude Dielna
7vQ7RPYqD1,Claudio Bieler
odMXRLKWqY,Claudio Bravo
Pk5Lg4yGMO,Clement Simonin
KXMexaXQ64,Clint Dempsey
XVqKYJDBM0,Clint Irwin
9vQ2XzY5K6,Clyde Simms
a35rrkme5L,Clément Bayiha
KXMeOde6q6,Clément Diop
4wM4a9Gl5j,Coco Carrasquilla
0Oq63DL6Q6,Cody Baker
4wM42eXAqj,Cody Cropper
jYQJB7wVQG,Cole Bassett
BLMvlkWlqx,Cole Grossman
7VqG0xmYQv,Cole Mrowka
Xj5Y8rnlMb,Cole Seiler
aDQ0NN635E,Cole Turner
Xj5Y6knwqb,Colin Bonner
2lqRNNLqr0,Colin Clark
wvq9XO7B5W,Colin Guske
9vQ2kxaMK6,Collen Warner
XVqKWl9Oq0,Collin Fernandez
e7Mz9kAeQr,Collin Martin
zeQZXlXx5K,Collin Smith
Pk5LeYlNqO,Conner Antley
N6Mm7OpxqE,Connor Brandt
gjMNvVKDMK,Connor Hallisey
2lqRRYpJqr,Connor Lade
9Yqd67xjMv,Connor Maloney
N6MmeZ4WME,Connor Ronan
KXMekY1Xq6,Connor Sparrow
N6MmoVwqEG,Conor Casey
KAqB964m5b,Conor Donovan
eV5D0meR5K,Conor Doyle
KAqBjNRJqb,Conor Shanosky
xW5pw3PYMg,Conrad Wallem
jYQJvxWQGR,Corben Bone
gpMOz8d1Qz,Cordell Cato
kRQabYwjMK,Corentin Jean
gOMnB3AMwN,Corey Ashe
a35rK94AqL,Corey Baird
XVqKYeYwM0,Corey Hertzog
OlMl9jG05L,Cory Burke
jYQJzwkVQG,Coy Craft
vzqo77Pkqa,Cristhian Machado
ljqE2EWkQx,Cristhian Paredes
Xj5Y8R7AMb,Cristian Arango
2lqRkrwxQr,Cristian Colmán
eVq3xXDDQW,Cristian Cásseres Jr
7vQ7rvNDqD,Cristian Dájome
2lqRkZXDQr,Cristian Espinoza
aDQ0aJ8WME,Cristian Higuita
eV5D0LeA5K,Cristian Lobato
BLMvzjz3Mx,Cristian Martínez
gjMNjAd0MK,Cristian Olivera
eV5DL0OA5K,Cristian Pavón
XVqKYkd2M0,Cristian Penilla
raMyAZR2Md,Cristian Roldan
kRQabvJjMK,Cristian Techera
9YqdkXVO5v,Cristian Tello
jYQJzo8ZQG,Cristián Gutiérrez
e7MzXXKqr0,Cristián Maidana
Pk5LgAwOMO,Cucho Hernández
KXMekgE6q6,Cyle Larin
Oa5w0XDAq1,Cyprian Kachwele
OlMlrwAAqL,Cédric Hountondji
2vQ1dVAwqr,Célio Pompeu
BLMv7ygB5x,César Araújo
odMXR02JqY,DJ Taylor
KPqjwzYQ6v,DaMarcus Beasley
4wM4JZezqj,Dagur Dan Thórhallsson
7VqGgAXqvW,Daigo Kobayashi
KPqjodW4Q6,Dairon Asprilla
p6qboeJDQ0,Damian Rivera
gOMnlYPAqw,Damiano Pecile
p6qb32XQ0G,Damien Perquis
gOMn3Wx5wN,Damien Perrinelle
gpMOzy4nQz,Damion Lowe
KPqjnyNq6v,Damir Kreilach
jYQJnnVQGR,Dan Gargan
eV5DNdnQKn,Dan Kennedy
eV5D0n7O5K,Dan Metzger
jYQJ1kXEqG,Dane Kelly
KPqjbp2q6v,Dane Richards
raMyDbBQd2,Daneil Cyrus
kRQa7Ro5KZ,Dani Fragoso
4JMAolz1qK,Dani Pereira
NPqxeGOZQ9,Daniel
OlMlePJ05L,Daniel Aceves
zeQZjOPjQK,Daniel Aguirre
KPqjXJnM6v,Daniel Antunez
jYQJzoPWQG,Daniel Bedoya
eVq3x19vQW,Daniel Crisostomo
jYQJanvVqG,Daniel Edelman
9z5k7XrJ5A,Daniel Johnson
ljqEVnKkQx,Daniel Kinumbe
9vQ22jRLQK,Daniel Lovitz
4wM4JxwBqj,Daniel Munie
2vQ1lKKqrA,Daniel Paladini
gpMOxK15zy,Daniel Royer
9vQ22nALQK,Daniel Ríos
NPqxmgXkQ9,Daniel Steres
eVq3xb9XQW,Daniel Trejo
Vj58JpmQ8n,Daniel Vega
ljqEWR4Mx0,Daniel Woolard
gjMNbgpMKp,Daniele Paponi
kRQa2dnkMK,Danilo Acosta
KXMe4YxQ64,Danilo Silva
BLMvkAAR5x,Danley Jean Jacques
4JMAR995Kg,Danny Califf
vzqo4PJQap,Danny Cruz
2vQ1jG0bMr,Danny Flores
0x5gPy4mq7,Danny Garcia
zeQZzPgQKw,Danny Hoesen
xW5pkAYMg1,Danny Koevermans
0Oq632k7Q6,Danny Leyva
0Oq6ENn256,Danny Musovski
2vQ1YBxQrA,Danny Mwanga
jYQJnLkQGR,Danny O'Rourke
eVq3YXGMWO,Danny Wilson
vzqoddvZQa,Dante Sealy
odMXRPDGqY,Dante Vanzeir
NPqxxxgmq9,Dantouma Toure
ljqEj6gkQx,Dany Rosero
2e7Mzo75r0,Darel Russell
gjMNvnjDMK,Dario Zuparic
gjMNvjYvMK,Darlington Nagbe
gpMOz8onQz,Darren Mattocks
xW5pLxJ5g1,Darren O'Dea
BLMv7DLA5x,Darren Yapi
xW5p4e95g1,Darrius Barnes
0x5gPK4Xq7,Darwin Cerén
0Oq6wl42Q6,Darwin Jones
KAqBrrVqbg,Darwin Quintero
KXMe8EW1Q6,Daryl Dike
9z5k71be5A,Dave Romney
aDQ0a0x3ME,David Accam
7vQ73A1dQD,David Arshakyan
7VqG08vjQv,David Ayala
xW5pxyxB5g,David Bingham
raMyr4Ne5d,David Brekalo
EGMPYGr5aY,David Carney
zeQZ7pzDMK,David Choinière
Oa5wpk4q14,David Edgar
NWMWO1zMlz,David Estrada
vzqo8xZQap,David Ferreira
wvq9ZjBQWn,David Guzmán
Xj5YkR0Qbd,David Horst
eV5DGBAMKn,David Jensen
7VqGDgAQvW,David Junior Hoilett
KAqB98zZ5b,David Loera
eVq3y6KGMW,David Martínez
eVq3jmnV5W,David Martínez
XVqKw1Oq01,David Mateos
raMyAx7JMd,David Milinkovic
4wM4an045j,David Ochoa
NPqxEKxQ9d,David Ousted
4JMAormOqK,David Pereira Da Costa
eVq3aaDGMW,David Rocha
Pk5L6rDPQO,David Ruiz
kRQaopnY5K,David Schnegg
zeQZJBvxQK,David Texeira
aDQ0lp9pQE,David Vazquez
4wM4ejN5jB,David Villa
aDQ0aNepME,Davy Armstrong
Pk5LZ1DQOW,Davy Arnaud
eVq3xbmgQW,Davó
0x5gJWwjM7,Dawid Bugaj
KXMeAPkM64,Dax McCarty
kRQa2LebMK,Dayne St. Clair
7vQ73orEQD,DeAndre Yedlin
KPqj7daPQ6,DeJuan Jones
wvq9eWbBqW,Deandre Kerr
0Oq6lDAgM6,Deian Boldor
zeQZ84D5Kw,Dejan Jakovic
KXMekX42q6,Dejan Joveljic
0Oq6wVm2Q6,Deklan Wynne
odMXBLaqYL,Demar Phillips
0Oq6wmydQ6,Denil Maldonado
gjMNvEXkMK,Dennis Castillo
eV5DzD0ZQK,Dennis Gjengaar
KPqjo9RNQ6,Dennis Iapichino
Pk5Lg3z7MO,Derek Cornelius
7vQ7J8VDqD,Derek Dodson
gpMOa6zrqz,Derrick Etienne Jr.
eVq3jYZv5W,Derrick Jones
KAqBjYjvqb,Derrick Williams
NPqxm6JZQ9,Deshorn Brown
4JMAk7nkqK,Devin Padelford
eVq3aGEwMW,Devon Sandoval
NWMWV4LDQl,Deybi Flores
KAqBkZ7Qbg,Didier Drogba
Xj5Y9LLw5b,Diedie Traore
gjMNWyv5Kp,Diego Calderón
gjMNjY14MK,Diego Campos
a35rlyZ4QL,Diego Chará
ljqEjLaEQx,Diego Fagundez
aDQ0lkLBQE,Diego Gutiérrez
vzqoJrEk5a,Diego Gómez
7VqG0ZGYQv,Diego Luna
2lqRREV4qr,Diego Martínez
zeQZX6OY5K,Diego Palacios
Vj58ojrM8n,Diego Polenta
gOMn6zeOMw,Diego Rodríguez
wvq9go6aMW,Diego Rossi
gpMOz1KyQz,Diego Rubio
gjMNrO3MKp,Diego Valeri
EGMP72kQaY,Dillon Powers
vzqorvWB5a,Dillon Serna
raMyDGeQd2,Dilly Duka
ljqEj3mYQx,Dimitry Imbongo Boele
xW5pr6gRQg,Diogo Gonçalves
xW5prmvGQg,Dion Pereira
zeQZJ63xQK,Dixon Arroyo
BLMv7oaB5x,Djibril Diani
EGMPlv4MaY,Djimi Traore
aDQ0PnvBQE,Djordje Mihailovic
BLMv6j1AMx,Djé D'Avilla
raMy4eBQd2,Dom Dwyer
2vQ1XX0qrA,Domenico Criscito
N6MmoN8vqE,Dominic Iankov
kRQaYR8QKZ,Dominic Oduro
NWMWgLvKMl,Dominik Chong Qui
ljqEJWxzQx,Dominik Marczuk
xW5prl1KQg,Dominique Badji
Xj5Y8vrEMb,Don Anding
e7Mz9nP7Qr,Donald Smith
wvq9ppPN5W,Doneil Henry
Oa5wYAP8Q1,Donny Toia
NWMWVG8ZQl,Donovan Pines
raMy7oNqd2,Donovan Ricketts
0Oq6bAPq6D,Douglas Costa
zeQZ7xbZMK,Douglas Martínez
a35rymlLML,Drake Callender
zeQZ7VG1MK,Drew Conner
odMXj3JqYL,Drew Moor
Vj58BZ74Q8,Drew Skundrich
7vQ7BYdeqD,Dru Yearwood
0x5gPv8mq7,Duane Holmes
KXMeggl2q6,Duncan McGuire
eVq3rBV5WO,Dwayne De Rosario
kRQaoj6O5K,Dylan Borrero
2vQ14xl0qr,Dylan Chambost
Xj5Y9zw05b,Dylan Nealis
7VqGmeGYMv,Dylan Remick
jYQJzy1EQG,Dylan Teves
Xj5Y68Olqb,Dániel Gazdag
a35rKGpLqL,Dániel Sallói
9z5kb3yPMA,Déiber Caicedo
odMXRxV2qY,Dénis Bouanga
0x5gP9Jjq7,Earl Edwards Jr.
xW5pyO7Bqg,Easton Ongaro
Oa5wYyE8Q1,Ebenezer Ofori
NWMWbwKQlz,Eddie Gaven
ljqENjNQx0,Eddie Johnson
p6qbOD1bQ0,Eddie Segura
kRQa00gqKZ,Edgar Castillo
EGMPLX0MaY,Edgar Mejía
jYQJaAbBqG,Edison Azcona
N6MmeGvRME,Edison Flores
e7Mz0geqr0,Edson Buddle
aDQ0PkRRQE,Eduard Atuesta
2lqRked4Qr,Eduard Löwen
raMyAyVlMd,Eduardo Sosa
Xj5Y6zYAqb,Edvard Tagseth
eVq3yvnvMW,Edward Davis
gjMNjAK4MK,Edward Kizza
XVqKevGNM0,Edward Opoku
NWMWlEAD5l,Edwin Cerrillo
BLMvllkAqx,Edwin Gyasi
KXMe8YjPQ6,Edwin Mosquera
NWMWVe1KQl,Edwin Munjoma
KAqBNbaWqb,Efrain Morales
aDQ0PwXWQE,Efrain Álvarez
KXMeEzPM64,Efraín Juárez
gpMOz1kDQz,Eirik Holmen Johansen
aDQ0lelQEv,Eldin Jakupovic
Oa5wdYB9q1,Elias Manoel
NPqxxjAmq9,Elijah Wynder
BLMvkbEl5x,Elliot Collier
BLMv7JdW5x,Elliot Panicco
p6qbzJ4q0G,Eloi Amagat
wvq9o3BMWn,Eloy Room
raMyZoDk5d,Elías Vásquez
gOMnldW8qw,Ema Twumasi
jYQJzDXEQG,Emanuel Cecchini
eV5DzXREQK,Emanuel Maciel
gOMnl78qwN,Emanuel Pogatetz
315VXoL7Q9,Emanuel Reynoso
XVqKG17Rq0,Emeka Eneli
N6Mm7DkwqE,Emerson Hyndman
Vj58lyym58,Emerson Rodríguez
0Oq6ln0zM6,Emery Welshman
gOMnlwnJqw,Emil Cuello
4wM46RpqjB,Emil Forsberg
gpMOxZO5zy,Emil Larsen
jYQJzrGyQG,Emiliano Amor
OlMleY045L,Emiliano Brienza
EGMPKjkQaY,Emiliano Insúa
KXMeOaaPq6,Emiliano Rigoni
gpMOe7GOqz,Emiro Garcés
ljqE2yXAQx,Emmanuel Appiah
2vQ1LYY0qr,Emmanuel Boateng
Oa5wd77Xq1,Emmanuel Iwe
BLMvzyGjMx,Emmanuel Latte Lath
0Oq6O0XQ6D,Emmanuel Ledesma
315VenZbM9,Emmanuel Más
2vQ1NPw4Mr,Emmanuel Sabbi
aDQ0PeLRQE,Emrah Klimenta
KXMekwe3q6,Enzo Copetti
0Oq6lp3XM6,Enzo Martinez
Pk5LegYPqO,Ercan Kara
raMyJE25d2,Eric Alexander
9Yqd8mLqvJ,Eric Avila
zeQZ7PjgMK,Eric Ayuk
7VqGmGZzMv,Eric Bird
7VqGDK6QvW,Eric Brunner
N6MmeN4ZME,Eric Calvillo
7VqGJAXx5v,Eric Dick
KPqjo6G2Q6,Eric Gehrig
0Oq63n7Q6D,Eric Hassli
2vQ1dJAxqr,Eric Klein
ljqEWYVMx0,Eric Kronberg
eV5DB6nQKn,Eric Maxim Choupo-Moting
zeQZJxR1QK,Eric Miller
eVq3j1dD5W,Eric Remedi
N6MmelOWME,Eric Stevenson
2vQ1LEnlqr,Erick
9vQ2de8a5K,Erick Torres
wvq9gLbaMW,Erickson Gallardo
9vQ284e5K6,Erik Friberg
zeQZJaarQK,Erik Godoy
gOMnR0BmMw,Erik Holt
gOMn6vBBMw,Erik Hurtado
OlMleaYN5L,Erik López
Oa5wYE4YQ1,Erik Palmer-Brown
eVq3j6Zj5W,Erik Sorga
odMXrvAqYL,Erik Sviatchenko
9vQ229oLQK,Erik Thommy
0x5gPvZRq7,Eriq Zavaleta
4JMAkzjkqK,Ervin Torres
eV5DLDVJ5K,Eryk Williamson
odMXEazG5Y,Esmir Bajraktarevic
Pk5LgPOmMO,Ethan Bartlow
Oa5wADrAQ1,Ethan Bristow
2lqRjjpDqr,Ethan Dobbelaere
p6qbenoB50,Ethan Finlay
OlMl9O045L,Ethan Kutler
aDQ0aNYpME,Ethan White
Xj5Y6nZyqb,Ethan Zubak
KPqj7KWNQ6,Ethen Sampson
p6qbOOL8Q0,Eugene Ansah
KPqjo08PQ6,Evan Bush
kRQa2L2LMK,Evan Louro
kRQa2AvjMK,Evander
gpMOzd8rQz,Everton Luiz
9Yqd640kMv,Ezequiel Barco
9vQ2da7x5K,Ezequiel Cirigliano
Oa5wVYvWM1,Ezequiel Ponce
Pk5L1enYqO,Fabian Castillo
odMXBZeqYL,Fabian Espindola
KPqj7OVPQ6,Fabian Herbers
jYQJ1EZDqG,Fabinho
2vQ14ReGqr,Fabio
kRQazJjMKZ,Facundo Coria
KXMe8WD1Q6,Facundo Farías
XVqKWGw2q0,Facundo Quignón
XVqKeEmBM0,Facundo Torres
raMyAGEBMd,Fafa Picault
N6Mm7oGZqE,Fanendo Adi
XVqKYV4RM0,Fatai Alashe
gjMN6wzjMK,Favian Loyola
BLMvl1yAqx,Favio Álvarez
gOMn6oPAMw,Federico Bernardeschi
gOMn6m3OMw,Federico Bravo
BLMvnEjMxe,Federico Higuaín
e7MzJ3m6Mr,Federico Navarro
ljqEJGGOQx,Federico Redondo
gjMN6gkKMK,Felipe
wvq9bOBQWn,Felipe
NPqxe1RjQ9,Felipe Carballo
9Yqd2xmMvJ,Felipe Gutiérrez
XVqKWZp2q0,Felipe Hernández
EGMPlOjkMa,Felipe Mora
7VqGjDxW5v,Femi Hollinger-Janzen
Pk5L1O2DqO,Fernando Aristeguieta
2vQ113lQrA,Fernando Bob
9Yqdj0LMvJ,Fernando Meza
9vQ2ZyAaQK,Fernando Álvarez
NPqxAp4mQ9,Fidel Barajas
2lqRk6GaQr,Fidel Escobar
2lqRkRPaQr,Fifi Baiden
ljqELvRw5x,Filip Yavorov Krastev
xW5pwEwGMg,Finn Surman
7VqG3oYqvW,Florent Sinama-Pongolle
BLMvNN3Mxe,Florentin Pogba
BLMvD98qxe,Florian Jungwirth
2lqRk9d4Qr,Florian Valot
vzqo7WBNqa,Forrest Lasso
gOMna9OOQw,Forster Ajago
9vQ22J8aQK,Foster Langsdorf
ljqE212OQx,Francis Atuahene
7vQ7xNzdMD,Francis Westfield
a35rlRnwQL,Francisco Calvo
EGMPZXgxqa,Francisco Ginella
Oa5wYWg4Q1,Franck Boli
KAqB92k75b,Franco Escobar
NPqxmbKZQ9,Franco Fragapane
zeQZXr4g5K,Franco Ibarra
2lqRpEnMr0,Franco Jara
p6qbON3aQ0,Franco Negri
315Vl66Q9x,Francois Affolter
0Oq6lw6M6D,Frank Lampard
EGMP1jAA5a,Frankie Amaya
ljqELjn45x,Franko Kovacevic
NPqxxnwjq9,Frantz Pangop
4JMAaExYMK,Fraser Aird
wvq94zN5Wn,Fred
Oa5wAxPYQ1,Freddy Vargas
7vQ7BardqD,Frederik Kleemann
kRQax61qKZ,Fredrik Gulbrandsen
gpMOpB15zy,Fredy Montero
jYQJ1LoDqG,Frédéric Brillant
Oa5wA88Q14,Frédéric Piquionne
aDQ0aj9WME,Futty Danso
9z5kPRgqA3,Félix Borja
0Oq6w6j2Q6,Gabe Segal
9z5kabkaQA,Gabriel Farfán
kRQaovVo5K,Gabriel Pec
jYQJa7wWqG,Gabriel Pereira
wvq9Xp1B5W,Gabriel Pirani
vzqodDYYQa,Gabriel Slonina
zeQZJAYZQK,Gabriel Somi
eV5Dy9OqKn,Gabriel Torres
aDQ0NjkG5E,Gabriele Corbo
eV5D0wXE5K,Gadi Kinda
gjMN7Xz05K,Gage Guerra
315VdlXQ9x,Gale Agbossoumonde
2vQ14E3lqr,Gaoussou Samake
KAqB49JMbg,Gareth Bale
vzqoddNJQa,Garrison Tubbs
7VqG6OX5vW,Gary Mackay-Steven
vzqorGW75a,Gastón Brugman
odMXzD2qYL,Gastón Fernández
0Oq6lrerM6,Gastón Giménez
xW5pybLJqg,Gastón González
Pk5LorPMOW,Gastón Sauro
raMyrgzB5d,Gavin Beavers
4wM4EBbB5j,Gavin Turner
OlMlrZlNqL,Gbenga Arokoyo
KXMeO1kXq6,Gedion Zelalem
4wM42WlNqj,Gelmin Rivas
Oa5wXw8q14,Geoff Cameron
gpMOZk2Qzy,Geoffrey Castillion
9vQ22Ap9QK,George Acosta
odMX74aAQY,George Bello
gOMnlrDeqw,George Campbell
7vQ7rYLOqD,George Fochive
2lqRL2JMr0,George John
7vQ7r9ODqD,George Marks
315VkJ7nq9,Georges Mukumbilwa
2lqR7V9AQr,Georgi Minoungou
Oa5wY99XQ1,Georgios Giakoumakis
kRQaor8O5K,Georgios Koutsias
2vQ1dyZwqr,Geovane Jesus
ljqEL4wo5x,Gerardo Valenzuela
2lqRRwrnqr,Germán Mera
XVqKYd6aM0,Gershon Koffie
eV5D0ZOE5K,Gerso
p6qbOnRpQ0,Getterson
2vQ1N6yLMr,Giacomo Vrioni
2vQ1LXXKqr,Giancarlo Gonzalez
Vj58WEJ8M8,Gianluca Busio
gpMOzvmDQz,Gideon Baah
eV5DzmaEQK,Gilbert Fuentes
e7Mz9z3OQr,Gilberto
9Yqdwg885v,Gilberto Flores
Vj58XnL58n,Giles Barnes
0x5gPeBPq7,Giliano Wijnaldum
OlMlgkNRQL,Gino Vivi
eVq3Z3D5WO,Giorgio Chiellini
OlMlrkRPqL,Giovani Casillas
KPqjpnyM6v,Giovani dos Santos
4JMALwAlQK,Giovanni Aguilar
9vQ24BKm5K,Giuseppe Bovalina
a35rW2BqL6,Giuseppe Rossi
KPqjZd8q6v,Gláuber
xW5pKvlMg1,Gonzalo Higuaín
gOMnYVweQw,Gonzalo Lujan
odMXwjWQYL,Gonzalo Pineda
xW5pgzJMg1,Gonzalo Segares
EGMPlxJVMa,Gonzalo Verón
gjMNRpYYMK,Gordon Wild
315VBbE59x,Gorka Larrea
eVq3j3oG5W,Graham Smith
vzqo4GNQap,Graham Zusi
0x5g2B8XM7,Grant Lillard
Oa5wVOyDM1,Grant Van de Casteele
eV5D0K4Z5K,Grant Ward
KAqB9oj75b,Grayson Barber
zeQZJvljQK,Greg Cochrane
gOMn6KnxMw,Greg Garza
gjMNvDAkMK,Greg Klazura
p6qbOdB4Q0,Greg Ranjitsingh
2vQ1N1r4Mr,Gregore
vzqoWPLqap,Gregory Van der Wiel
aDQ0LoylQE,Griffin Dorsey
0Oq633dAQ6,Griffin Yow
vzqo6dp5ap,Gudmundur Thórarinsson
xW5pynPBqg,Guilherme Biro
Vj58BBODQ8,Guillermo Hauche
KAqBRgBqbg,Guly do Prado
NWMWpPZ5lz,Guram Kashia
aDQ039WqEv,Gustav Svensson
vzqozAB5ap,Gustavo Bou
N6MmGr7LqE,Gustavo Caraballo
Vj58BVBEQ8,Gustavo Vallecilla
ljqE2eaAQx,Guzmán Corujo
EGMPlpRxMa,Gyasi Zardes
N6MmeXxeME,Hadji Barry
vzqoOO2Zqa,Hamady Diop
aDQ0PGdGQE,Handwalla Bwana
N6MmeE3wME,Hannes Wolf
Oa5wY8RXQ1,Hany Mukhtar
ljqEJEozQx,Harbor Miller
jYQJNEyQGR,Haris Medunjanin
KAqBjvRZqb,Harold Cummings
KAqB9g2m5b,Harold Hanson
XVqKezAwM0,Harold Osorio
p6qbrkpq0G,Harrison Afful
NPqxm378Q9,Harrison Heath
a35rydwBML,Harrison Robledo
4wM42xoAqj,Harry Novillo
xW5prkRRQg,Harry Shipp
4wM4JDRzqj,Harvey Neville
e7Mzlg8Xqr,Hassan Ndam
7vQ7BmAzqD,Hassani Dotson
eVq3zmy5WO,Hassoun Camara
7VqG00bXQv,Hayden Sargis
eVq3wvDqWO,Heath Pearce
p6qbEGB50G,Hendry Thomas
7VqGLJn6Qv,Hennadiy Synchuk
a35rn0o5L6,Henok Goitom
Pk5Lg9ADMO,Henrich Ravas
e7MzAxyGQr,Henry Kessler
xW5prZBdQg,Henry Wingo
9YqdWdRE5v,Herbert Endeley
4JMAn0k5Kg,Hernán Bernardello
kRQajLmMKZ,Hernán Grana
gpMOopORMz,Hernán López
gjMNRerBMK,Hirving Lozano
eVq3X4wQWO,Hogan Ephraim
2lqRJ0l4qr,Hosei Kijima
NPqxmxYgQ9,Hugh Alexander Dixon
Pk5LgkeLMO,Hugo Arellano
2lqRJpxnqr,Hugo Bacharach
vzqo7zWLqa,Hugo Cuypers
EGMP4WVMaY,Hugo Lloris
7VqG0XxeQv,Hugo Mbongue
Oa5wYWAjQ1,Hunter Jumper
jYQJaaOEqG,Hunter Sulte
0x5gLY1jq7,Hwang In-Beom
7vQ73wYGQD,Héber
4JMAaRwPMK,Héctor Herrera
4JMAaoa7MK,Héctor Jiménez
9vQ2dzzm5K,Héctor Villalba
eVq3EEvMWO,Hérculez Gómez
4wM420oAqj,Ian Christianson
2lqRjDAAqr,Ian Fray
gpMOalwDqz,Ian Harkes
gOMnRmNmMw,Ian Hoffman
ljqEJ8KkQx,Ian James
315VkJ1Yq9,Ian Murphy
gjMNjxPBMK,Ian Pilcher
wvq9edxmqW,Ian Smith
315VPVXbQ9,Ibrahim Aliyu
4wM4pJzNMj,Ibrahim Kasule
2lqR6rAqr0,Ibrahim Sekagya
9Yqdxx8qvJ,Ibson
9vQ248BL5K,Idan Toklomati
9vQ2Zrj1QK,Ifunanyachi Achara
2vQ14JO8qr,Ignacio Aliseda
eV5DLnbR5K,Ignacio Maganto
gpMO40E5zy,Ignacio Piatti
odMX7PRaQY,Ignatius Ganago
EGMPRNwVqa,Igor Jesus
xW5pxlL95g,Igor Julião
OlMl6GPqLz,Ike Opara
NWMWoN6KMl,Ilay Feingold
NWMWobANMl,Ilias Iliadis
2lqRRZy2qr,Ilie Sánchez
jYQJam8BqG,Ilijah Paul
eV5DbgOQKn,Ilsinho
0x5g2EKLM7,Indiana Vassilev
jYQJ1DDBqG,Innocent Emeghara
wvq9edX1qW,Irakoze Donasiyano
4JMA9y3YMK,Isaac Angking
7VqG0dN3Qv,Isaac Atanga
kRQaoRPO5K,Isaac Boehmer
Vj58WvBmM8,Isaiah Foster
KAqBkB7vQb,Isaiah Jones
EGMPn03kqa,Isaiah Parente
wvq9XpEN5W,Isak Jensen
odMX8Pb0MY,Ishmael Yartey
315V7EGvq9,Ismael Koné
eVq3a8XyMW,Ismael Tajouri-Shradi
vzqo7rGYqa,Ismaila Jome
Xj5Y43nyMb,Israel Boatwright
p6qbp3XM0G,Issey Nakajima-Farran
Oa5wApPjQ1,Iuri Tavares
Xj5Y4mJXMb,Ivan Glavinovich
vzqo7mXJqa,Iván Angulo
9z5kbdvPMA,Iván Franco
9vQ2ZDwaQK,J.C. Ngando
NPqxemyWQ9,J.J. Koval
9YqdY1n9Qv,J.J. Williams
ljqE2keVQx,JT Marcinkowski
vzqodxN7Qa,Jacen Russell-Rowe
4JMAa3WYMK,Jack Barmby
raMyrrxd5d,Jack De Vries
wvq9gPmNMW,Jack Elliott
gOMnlpeXqw,Jack Gurr
2lqRkoADQr,Jack Harrison
xW5pgDRMg1,Jack Jewsbury
kRQaerljQK,Jack Lynn
N6MmKdJPqE,Jack Maher
Xj5Y89Y0Mb,Jack McBean
jYQJaaBdqG,Jack McGlynn
eV5DjrRQKn,Jack McInerney
eV5DkwDaMK,Jack Neeley
Oa5wAkojQ1,Jack Panayotou
e7Mz9DgGQr,Jack Price
0Oq6wjlzQ6,Jack Skahan
zeQZJJVNQK,Jackson
eV5DzBzEQK,Jackson Castro
2lqRkmAWQr,Jackson Conway
0x5gLm2bq7,Jackson Hopkins
vzqo7XWpqa,Jackson Ragen
2lqR7YEaQr,Jackson Travis
9vQ22OOoQK,Jackson Yueill
7VqG0VJWQv,Jacob Akanyirige
gjMNjJbkMK,Jacob Bartlett
KAqBNYNXqb,Jacob Greene
2lqRjZp2qr,Jacob Jackson
0x5gJEVLM7,Jacob Murrell
0x5gZZXM7O,Jacob Peterson
XVqKeBkKM0,Jacob Shaffelburg
gOMnRzp8Mw,Jacori Hayes
4wM4Jwdzqj,Jahkeele Marshall-Rutty
0x5gZKrM7O,Jahmir Hyka
2vQ1LRjxqr,Jaime Alas
EGMPgD4QaY,Jaime Castrillon
N6Mm70bZqE,Jaime Frias
2vQ1pr0qrA,Jaime Penedo
p6qbOyLXQ0,Jaime Villarreal
XVqKO4Kq01,Jair Benitez
gpMOzAKRQz,Jairo Arrieta
p6qbokmpQ0,Jairo Quinteros
wvq9gNOBMW,Jairo Torres
zeQZXXm15K,Jake Davis
OlMlB7yAqL,Jake Girdwood-Reich
gOMn6lJmMw,Jake Gleeson
0Oq6wjLrQ6,Jake Mulraney
0x5g2lywM7,Jake Nerwinski
eV5DL18a5K,Jakob Glesnes
xW5pygjdqg,Jalen Neal
p6qbekRb50,Jalen Robinson
9vQ2dZe15K,Jalil Anibaba
xW5pxemB5g,Jamal Blackman
aDQ0aVkWME,Jamal Thiaré
vzqodXdjQa,Jamar Ricketts
KPqjKWmyQ6,James Igbekeme
KAqBjaJJqb,James Musa
gOMnRzymMw,James Pantemis
gOMnBb8MwN,James Riley
odMXRxZJqY,James Sands
OlMlwxEQLz,Jamie Paterson
4wM42XlqjB,Jamie Smith
7vQ7rmxEqD,Jamiro Monteiro
9Yqdoey95v,Jan Sobociński
vzqo7xwjqa,Janio Bikel
Xj5Y6ko0qb,Jannes Horn
EGMPZlYrqa,Jansen Miller
Pk5LDN75OW,Jared Jeffrey
7VqGjBpz5v,Jared Stroud
kRQab9e8MK,Jared Watts
Oa5wV1NBM1,Jaroslaw Niezgoda
0Oq60APM6D,Jason Hernandez
XVqKYE1KM0,Jason Johnson
Oa5wVBw8M1,Jason Pendant
2lqRj7nDqr,Jason Shokalook
p6qbgzx4Q0,Jasper Löeffelsend
Xj5Y9rNx5b,Jasser Khmiri
Xj5YLGRGMb,Javain Brown
ljqE2PbYQx,Javairô Dilrosun
a35rlwN2QL,Javier Calle
KXMe8gorQ6,Javier Casas
EGMPlymjMa,Javier López
0Oq6m0z56D,Javier Morales
p6qborPBQ0,Javier Otero
aDQ0NmXW5E,Javier Pérez
vzqorZ1J5a,Jay Chapman
Oa5wDgWq14,Jay DeMerit
NPqxxVnWq9,Jay Joshua Herdman
xW5pKJBMg1,Jay Simpson
9YqdoDvL5v,Jayden Hibbert
9vQ2ZjbmQK,Jayden Nelson
Vj58WEKLM8,Jayden Reid
0x5g2XBjM7,Jaylin Lindsey
gOMnlWY8qw,Jaziel Orozco
2vQ1L4oGqr,Je-Vaughn Watson
2lqRR8gnqr,Jean Mota
eVq3vGj5WO,Jean-Baptiste Pierazzi
OlMl9eo45L,Jeanderson
N6Mm7o6WqE,Jeb Brovsky
7vQ7x6aOMD,Jeevan Badwal
0x5gP64wq7,Jeff Attinella
0Oq60VgM6D,Jeff Larentowicz
kRQaYKkQKZ,Jeff Parke
KPqjBBNBq6,Jefferson Díaz
gpMOzjb7Qz,Jefferson Mena
a35rK9XoqL,Jefferson Savarino
KXMe8BVrQ6,Jefferson Valverde
Xj5Y43JyMb,Jeffrey Gal
eV5DLnOY5K,Jeison Palacios
gOMnRNm8Mw,Jeisson Vargas
OlMledDw5L,Jeizon Ramírez
Xj5Y40RMbd,Jelle Van Damme
gOMnl3y6qw,Jeong Sang-Bin
gpMOoor7Mz,Jeorgio Kocevski
jYQJzwXkQG,Jeppe Tverskov
p6qbe1xw50,Jere Uronen
7vQ7r78eqD,Jeremiah Gutjahr
2vQ1zJ0MrA,Jeremy Brockie
eVq3jBAv5W,Jeremy Ebobisse
BLMv7o775x,Jeremy Garay
a35rvro5L6,Jeremy Hall
KXMekz9Pq6,Jeremy Kelly
KXMe8ejPQ6,Jeremy Rafanello
315VkkGq9x,Jermain Defoe
gpMO1mnqzy,Jermaine Jones
Vj58pjm58n,Jermaine Taylor
zeQZJPAgQK,Jerome Kiesewetter
xW5p46l5g1,Jerome Thiesson
xW5px7oB5g,Jerry Bengtson
Oa5wYBNWQ1,Jesse Gonzalez
NWMWo7zLMl,Jesus Batiz
gpMO1r1yqz,Jesús Barea
KAqBNnrVqb,Jesús Bueno
9vQ22BR7QK,Jesús Ferreira
OlMlenEy5L,Jesús Jiménez
odMX8nN0MY,Jesús Medina
xW5pxaa95g,Jesús Murillo
aDQ0P4rWQE,Jhegson Méndez
7VqGjPKj5v,Jhohan Romaña
N6MmepZxME,Jhojan Valencia
jYQJa3zDqG,Jhon Durán
9YqdokXR5v,Jhon Espinoza
N6Mm4oWQEG,Jhon Kennedy Hurtado
KXMekVbPq6,Jhonder Cádiz
zeQZX96N5K,Jimer Fory
4JMAaogDMK,Jimmy Maurer
gOMn6djxMw,Jimmy McLaughlin
9z5kamgdQA,Jimmy Medranda
KPqjB6Rq6v,Jimmy Nielsen
OlMlr6pDqL,Jimmy Ockford
4JMA0w7QKg,Jo Inge Berget
NWMWXy775l,Joakim Nilsson
gjMNv0DBMK,Joao Meira
wvq9gxBmMW,Joao Ortíz
4JMAaoZ6MK,Joao Plata
Oa5wm64Q14,Joaquin Velázquez
gOMnR08XMw,Joaquín Ardáiz
a35rKXowqL,Joaquín Fernández
2vQ1NBY8Mr,Joaquín Pereyra
Oa5wAm28Q1,Joaquín Sosa
NWMWV93KQl,Joaquín Torres
2lqRRj84qr,Joe Bendik
jYQJZzEQGR,Joe Cannon
0Oq6lJPzM6,Joe Corona
gOMn6ObBMw,Joe Gyau
N6MmmdWMEG,Joe Mason
315VedN9M9,Joe Nasco
KXMe8evxQ6,Joe Scally
gOMn6lylMw,Joe Willis
Vj58WDrM8n,Joel Lindpere
4wM4aeDN5j,Joel Qwiberg
KAqB9bKv5b,Joel Waterman
315VelRbM9,Joevin Jones
4wM4pp44Mj,Joey Akpunonu
4wM4awnp5j,Joey Calistri
gpMOaDz1qz,Joey Dezart
OlMleNAw5L,Joey Skinner
4JMAapD9MK,Johan Blomberg
vzqor9jp5a,Johan Kappelhof
7VqGj0aX5v,Johan Venegas
Xj5Yajy5bd,John Alvbage
Xj5Y6wgyqb,John Berner
gOMnXVOqwN,John Bostock
NPqxLzmq9d,John Goossens
EGMPn8l3qa,John Klein
2vQ1L20Oqr,John McCarthy
KAqB9v6A5b,John Neeskens
ljqE2vBzQx,John Nelson
gpMOoO8rMz,John Pulskamp
7vQ73pdzQD,John Stertzer
gpMOzAxnQz,John Stiven Mendoza
7vQ7JODqD1,John Thorrington
XVqKejm0M0,John Tolkin
7VqGo1zqvW,Johnny Leverón
gOMnBnmMwN,Johnny Russell
NWMWo3ZNMl,Johnny Selemani
e7MzZozPMr,Jojea Kwizera
2lqRkeWaQr,Jon Bakero
jYQJBvJGQG,Jon Bell
wvq9j2YQWn,Jon Busch
9z5kDYaqA3,Jon Erice
raMyA6KRMd,Jon Gallagher
jYQJ1zWBqG,Jon Kempin
a35rGGBqL6,Jonas Elmer
p6qbOn3DQ0,Jonathan Bamba
KAqBgD4Qbg,Jonathan Bond
jYQJnAGQGR,Jonathan Bornstein
N6Mm7J4gqE,Jonathan Campbell
odMXR6GGqY,Jonathan Dean
eVq3jJYw5W,Jonathan González
7VqGjwB65v,Jonathan Klinsmann
0Oq6wv26Q6,Jonathan Lewis
0x5gvyXM7O,Jonathan Mensah
OlMl99Jy5L,Jonathan Menéndez
KAqBjWZBqb,Jonathan Osorio
4JMAoJNkqK,Jonathan Pérez
kRQabyN8MK,Jonathan Rodríguez
NPqxAN6GQ9,Jonathan Shore
4wM4JxWpqj,Jonathan Sirois
0x5gbwbM7O,Jonathan Spector
jYQJ43k5GR,Jonathan dos Santos
315VebavM9,Jonny Steele
NWMWj8JzQl,Joran Gerbet
aDQ0NzoB5E,Jordan Adebayo-Smith
zeQZ73GYMK,Jordan Allen
jYQJaD9yqG,Jordan Bender
eV5DadeAqK,Jordan Faria
eVq3aw7XMW,Jordan Hamilton
2lqRNNaqr0,Jordan Harvey
315VXoGEQ9,Jordan McCrary
p6qbOeRXQ0,Jordan Morris
NWMWlKbN5l,Jordan Perruzza
odMX8g8aMY,Jordan Smith
ljqEjeAQx0,Jordan Stewart
wvq9opZMWn,Jordi Alba
odMX8wWeMY,Jordi Quintillà
XVqK8xBQ01,Jordon Mutch
jYQJaXjkqG,Jordy Alcívar
9vQ2d6yr5K,Jordy Delem
p6qbpwpM0G,Jorge Bava
Oa5wdkVYq1,Jorge Cabezas
KPqjoaX8Q6,Jorge Claros
aDQ0a733ME,Jorge Corrales
Pk5LPrN5OW,Jorge Moreira
NWMWxDN5lz,Jorge Villafaña
2lqRJpzJqr,Jose Casas de Abadal
eV5D0g6O5K,Jose Villarreal
N6Mm76gZqE,Josef Martínez
xW5prlvGQg,Joseph Greenspan
gOMn6DwAMw,Joseph Holland
e7Mzl29Xqr,Joseph Mora
7vQ7J8JYqD,Joseph Paintsil
jYQJa30DqG,Joseph Rosales
Xj5Y9ydx5b,Joseph Zalinsky
XVqKeYLNM0,Josh Atencio
e7MzZpaXMr,Josh Bauer
KXMekmrPq6,Josh Cohen
4JMAaozOMK,Josh Ford
Xj5Y8LOyMb,Josh Gardner
EGMPnkZ4qa,Josh Pérez
eVq3bw65WO,Josh Saunders
4wM42drkqj,Josh Sims
4wM42Zd4qj,Josh Williams
NWMWVZaDQl,Josh Yaro
4JMA8koOQK,Joshua Bolma
0Oq6we8zQ6,Joshua Drack
odMX87NJMY,Joshua Gatt
9z5kb9JgMA,Joshua Penn
gjMNRJkkMK,Joshua Smith
aDQ0lA2lQE,Joshua Torquato
4wM4JGRNqj,Joshué Quiñonez
OlMlredgqL,Josue Soto
jYQJzEnGQG,Josué Colmán
2vQ12ROMrA,Josué Martínez
jYQJ1dWDqG,José Adolfo Valencia
KPqj7yJ2Q6,José Aja
Xj5Y6ldEqb,José Antonio Martínez
gjMNR790MK,José Bizama
Oa5wVzeWM1,José Cifuentes
2vQ1Lvnxqr,José Escalante
4JMAomalqK,José Fajardo
EGMP2m4qaY,José Gonçalves
eVq3jx1g5W,José Guillermo Ortiz
4JMA9lv2MK,José Hernández
9vQ22PPmQK,José Leitón
2vQ1LdEKqr,José Manuel Rivera
NWMWXVDj5l,José Mari
2vQ14B6Kqr,José Martínez
gpMOaajrqz,José Mauri
jYQJa4pBqG,José Mulato
OlMl9raD5L,José Rafael Hernández
0Oq6lnlrM6,José Van Rankin
eV5Dz67ZQK,Jovan Lukić
KAqBkWvJQb,Jovan Mijatović
aDQ00OGQEv,Jozy Altidore
a35ry7P2ML,João Klauss
eVq3xeNXQW,João Moutinho
Oa5wYKEXQ1,João Paulo
Pk5L1ARPqO,João Pedro
jYQJgRXGMG,João Pedro
0x5gA17Q7O,Juan Agudelo
eV5DBBYQKn,Juan Carlos Toja
Xj5Y9XZy5b,Juan Castilla
9Yqdk7R85v,Juan David Cabezas
Oa5wYoGYQ1,Juan Esteban Ortiz
xW5pxjEl5g,Juan Fernando Caicedo
gpMOorbDMz,Juan José Purata
a35rlaAAQL,Juan Luis Anangonó
9vQ2rx9QK6,Juan Manuel Martínez
EGMPZ0m3qa,Juan Mosquera
xW5pdnLY5g,Juan Pablo Torres
EGMPlRmVMa,Juan Ramírez
0Oq6wxj6Q6,Judson
4wM4LV4MjB,Jukka Raitala
gpMOeWWRqz,Jules-Anthony Vilsaint
0x5gLLjRq7,Julian Araujo
KPqjo004Q6,Julian Büscher
raMyyvBOMd,Julian Dunn-Johnson
gpMOoOERMz,Julian Gaines
gOMnR0wlMw,Julian Gressel
vzqoJ3pj5a,Julian Hall
Vj5834LM8n,Julio Baptista
315VXPJEQ9,Julio Cascante
9vQ2X1x5K6,Julio César
vzqorgZ75a,Julio Morales
e7MzJPvGMr,Julián Aude
4JMAoL97qK,Julián Carranza
BLMv6jROMx,Julián Fernández
kRQabOROMK,Jun Marques Davidson
KXMe3Xn1q6,Jung Ho-Yeon
gOMnlpw8qw,Juninho
2vQ1Y30QrA,Juninho
2lqRj80qr0,Juninho Pernambucano
eVq3jyYV5W,Justen Glad
odMXRZnWqY,Justin Bilyeu
raMyYgOMd2,Justin Braun
KXMe8Y2vQ6,Justin Che
aDQ0a83BME,Justin Davis
NPqxek9WQ9,Justin Dhillon
0Oq6LgZgM6,Justin Ellis
gpMOoOjEMz,Justin Haak
NWMWj9DQlz,Justin Hoyte
BLMvrwBMxe,Justin Mapp
eVq3j7aw5W,Justin McMaster
Vj58YwDDq8,Justin Meram
2vQ1YoKQrA,Justin Morrow
ljqE2DeVQx,Justin Portillo
gpMOel1Rqz,Justin Rasmussen
7VqGjDgY5v,Justin Rennicks
OlMleNXN5L,Justin Reynolds
eV5DL0wO5K,Justin Schmidt
2vQ1NO0OMr,Jáder Obrian
BLMvXwRqxe,Jámison Olave
e7MzKKJ5r0,Ján Greguš
Vj58BEd8Q8,Jérémy Gagnon-Laparé
jYQJGvDMGR,Jørgen Skjelvik
KPqjodRYQ6,Júnior Moreno
Pk5L1BXPqO,Júnior Urso
Pk5L18PYqO,Jürgen Damm
9z5kaV3gQA,Jürgen Locadia
KAqBjmYXqb,Kacper Przybylko
wvq9gwJZMW,Kadin Chung
odMXE64e5Y,Kage Romanshyn Jr
Oa5wVNz8M1,Kai Koreniuk
XVqKeYOKM0,Kai Wagner
e7Mz0EpXqr,Kaick
4wM4E6A5jB,Kaká
0Oq624oPq6,Kalani Kossa-Rienzi
NPqxmyDjQ9,Kalif Alhassan
wvq9zVmQWn,Kalifa Cissé
e7Mzlop7qr,Kalil ElMedkhar
2lqRk1raQr,Kamal Miller
7vQ7P8eMD1,Kamani Hill
eVq3jWWD5W,Kamil Jozwiak
NPqx7bx59d,Kamohelo Mokotjo
4JMAoZr1qK,Kamron Habibullah
N6Mmor2ZqE,Karifa Yao
KAqBj6BXqb,Karl Ouimette
KAqB9mYm5b,Karol Swiderski
OlMle7jE5L,Kaveh Rad
315VPoB6Q9,Kayden Pierre
2lqRk3lnQr,Keaton Parks
2lqRk034Qr,Keegan Hughes
e7Mz9PWjQr,Keegan Rosenberry
0x5gZDPM7O,Kei Kamara
gpMOzKV7Qz,Kekuta Manneh
9vQ2d3X75K,Kellyn Acosta
4JMA1m7MKg,Kelvin Leerdam
KAqBNdyZqb,Kelvin Yeboah
7vQ73NxYQD,Kelyn Rowe
odMXR4waqY,Kemar Lawrence
eV5DLD7E5K,Ken Krolicki
aDQ0aXEEME,Ken Tribbett
eV5Dk92mMK,Kendall Burks
4wM42jPpqj,Kendall McIntosh
7VqGja3A5v,Kendall Waston
KAqBvrrVqb,Kenji Mboma Dem
KAqBxLWMbg,Kennedy Igboananike
gjMN3W45Kp,Kenneth Kronholm
gpMO8m25zy,Kenneth Vermeer
aDQ0a8lpME,Kenney Walker
e7MzR7jMr0,Kenny Cooper
gpMOa81qzy,Kenny Miller
2lqRRPOJqr,Kenny Saief
EGMPXgjMaY,Kenwyne Jones
9z5knaeMA3,Keon Daniel
4wM4JlEyqj,Kervin Arriaga
p6qbgGEpQ0,Kerwin Vargas
Oa5wYWA8Q1,Kevan George
9z5k4OJqA3,Kevin Alston
7VqGWEeqvW,Kevin Doyle
eV5D0zwn5K,Kevin Ellis
zeQZJwyxQK,Kevin Garcia
eV5D8YE5Kn,Kevin Harbottle
NWMWgLbEMl,Kevin Kelsy
9z5kvLJMA3,Kevin Kratz
aDQ00AlQEv,Kevin Long
gpMOyGlqzy,Kevin Molino
7vQ7rVvGqD,Kevin O'Toole
eVq3xvxwQW,Kevin Paredes
gOMn2jvJMw,Kevin Partida
odMX8NdaMY,Kevin Venegas
raMyAWjdMd,Kevon Lambert
xW5prwxdQg,Keyner Brown
p6qbOAnDQ0,Khaly Thiam
2lqRagL5r0,Khari Stephenson
ljqEjyAAQx,Kharlton Belmar
NWMWVA9NQl,Khiry Shelton
eV5DL0BA5K,Kianz Froese
EGMPYkGA5a,Kieran Chandler
odMXjX2qYL,Kieran Gibbs
aDQ0N1Kv5E,Kim Joon-Hong
eV5D0on95K,Kim Kee-hee
OlMl9gDP5L,Kim Moon-Hwan
7VqGLa36Qv,Kimani Stewart-Baynes
zeQZ79JKMK,Kimarni Smith
2lqRkoxWQr,Kip Colvey
eV5DzmNmQK,Kipp Keller
2lqR7pJQr0,Kléberson
jYQJgJvdMG,Koa Santos
NWMWlaDZ5l,Kobe Franklin
N6MmoYnPqE,Kobi Henry
4wM4260lqj,Kofi Opare
KPqjoKayQ6,Kofi Sarkodie
7vQ73B4GQD,Konrad Warzycha
0Oq6wyrPQ6,Kortne Ford
KAqBNr8Jqb,Kosi Thompson
wvq94415Wn,Kosuke Kimura
jYQJz8kZQG,Kris Tyrpak
KAqBkYpWQb,Kristian Fletcher
0x5g2Z8ZM7,Kristijan Kahlina
4wM4LABMjB,Kristinn Steindórsson
4wM4ao0z5j,Kristoffer Reaves
wvq94DB5Wn,Krisztián Németh
Oa5wBOBM14,Krzysztof Krol
Pk5L6k6PQO,Kwadwo Opoku
N6Mm8GwQEG,Kwadwo Poku
gpMOoOjnMz,Kwaku Owusu
NPqxe39XQ9,Kwame Awuah
KAqBxJ7Mbg,Kwame Watson-Siriboe
0Oq6wmbrQ6,Kye Rowles
gjMNPnpqKp,Kyle Beckerman
OlMlrz1EqL,Kyle Bekker
2lqRk3NWQr,Kyle Duncan
Vj58YmwEq8,Kyle Fisher
Pk5L1PrOqO,Kyle Greig
aDQ0l9bRQE,Kyle Hiebert
jYQJzjRyQG,Kyle Morton
N6Mm7ln0qE,Kyle Porter
4JMAJAO5Kg,Kyle Reynish
2lqRkjBAQr,Kyle Scott
kRQa2j0LMK,Kyle Smith
Vj58YRJJq8,Kyle Zobeck
0Oq630dXQ6,Kévin Cabral
raMyAWZAMd,Kévin Denkey
EGMPnJX0qa,Kévin Oliveira
eV5DLKnn5K,Lachlan Brook
odMXRO3xqY,Lalas Abubakar
odMXeda5YL,Lamar Neagle
eVq3xgpwQW,Lamine Diack
7VqGgRWqvW,Lamine Sané
KPqj7YyQ6v,Landon Donovan
NWMWrgeQlz,Larrys Mabiala
N6Mm7op0qE,Lass
7VqGj7ee5v,Lassi Lappalainen
eV5DLedE5K,Latif Blessing
KPqjKY48Q6,Laurence Wyke
ljqEWn4Mx0,Laurent Ciman
gOMnPAOqwN,Laurent Courtois
xW5pw8KGMg,Lawrence Ennali
7vQ73daLQD,Lawrence Olum
vzqo7z9vqa,Lawson Sunderland
jYQJgokGMG,Lazar Stefanovic
jYQJ1D4DqG,Leandro Barrera
zeQZJXKDQK,Leandro González Pirez
zeQZbngQKw,Lee Nguyen
KAqBkoBQbg,Lee Young-Pyo
jYQJaDnDqG,Leo Afonso
7VqGmebWMv,Leo Fernandes
raMyAn8AMd,Leo Väisänen
OlMle0OR5L,Leon Flach
Vj58WzzJM8,Leonard Owusu
7vQ7yOz5D1,Leonardo
315V7V1Yq9,Leonardo Barroso
jYQJ1PddqG,Leonardo Bertone
KAqBNEpWqb,Leonardo Campana
eVq3nBg5WO,Leonardo González
ljqE1Lwqx0,Leonardo Jara
NWMWXvAN5l,Leonel Miranda
4wM4prJlMj,Levonte Johnson
2lqRR4Rxqr,Lewis Morgan
KXMe8EkQ64,Lewis Neal
Oa5wVBPXM1,Lewis O'Brien
gjMNRrgvMK,Liam Fraser
EGMPRxGrqa,Liam Mackenzie
4JMA8GYQKg,Liam Ridgewell
gOMnlKNeqw,Liel Abada
KAqB98Em5b,Lindo Mfeka
Oa5wYWaBQ1,Lionard Pajoy
vzqowm7qap,Lionel Messi
jYQJ6PEQGR,Lisandro López
KAqBRzvqbg,Lloyd Sam
2lqRRz8Jqr,Logan Emory
odMXGL8JQY,Logan Farrington
gpMOawV2qz,Logan Ketterer
2lqRjkEJqr,Logan Ndenbe
KXMeA6PM64,Logan Pause
kRQao63j5K,London Aghedo
raMyZpb25d,London Woodberry
NWMWnVEQlz,Lorenzo Insigne
XVqKW902q0,Louis Beland-Goyette
315VanvM9x,Lovel Palmer
9z5k36ra5A,Loïc Mesanvi
jYQJgrOWMG,Luca Bombino
315VX4PEQ9,Luca De La Torre
EGMPRpB0qa,Luca Langoni
p6qboAn8Q0,Luca Orellano
eV5DL9aZ5K,Luca Petrasso
gjMN6r64MK,Lucas Bartlett
OlMlrpyAqL,Lucas Cavallini
BLMv7E4X5x,Lucas Esteves
BLMvleeWqx,Lucas Janson
7VqGmOgeMv,Lucas Melano
N6MmW1zgqE,Lucas Monzón
p6qbeyWD50,Lucas Ontivero
odMX820JMY,Lucas Pittinari
OlMl9Jn45L,Lucas Rodríguez
gpMOL01y5z,Lucas Sanabria
N6MmekpWME,Lucas Venuto
zeQZJN9jQK,Lucas Zelarayán
a35rl2EKQL,Luciano Abecasis
ljqE2VkOQx,Luciano Acosta
KAqB96V75b,Luis Abram
Oa5wVYL4M1,Luis Amarilla
BLMvkbRO5x,Luis Argudo
2lqRk08nQr,Luis Arriaga
2lqRkwRnQr,Luis Barraza
BLMvzNDjMx,Luis Binks
gjMNGDY5Kp,Luis Bolaños
odMXR9k2qY,Luis Caicedo
a35ryXO2ML,Luis Díaz
EGMPn02kqa,Luis Felipe Fernandes
9vQ2dn3m5K,Luis Garrido
NPqxz7mM9d,Luis Gil
7vQ736YGQD,Luis González
Vj58Ba2LQ8,Luis López
aDQ0ol2qEv,Luis Marín
7VqGmmzzMv,Luis Muriel
KAqBvobJqb,Luis Müller
vzqoWbkqap,Luis Robles
Vj58YZl3q8,Luis Silva
0Oq6lnBrM6,Luis Solignac
zeQZKbYMKw,Luis Suárez
gpMOa0lnqz,Luiz Araújo
0Oq6lYbAM6,Luiz Camargo
gpMOaWD2qz,Luiz Fernando
wvq9XwJ35W,Luka Gavran
KAqBjWrXqb,Luka Stojanovic
2vQ1dZ8Kqr,Lukas Engel
OlMlezzg5L,Lukas MacNaughton
315VKX7q9x,Luke Boden
a35rB7Do5L,Luke Brennan
EGMPZ36rqa,Luke Haakenson
Pk5LgNx7MO,Luke Mishu
9vQ2NkrQK6,Luke Moore
gOMn6kVXMw,Luke Mulholland
gpMOo1PRMz,Luke Singh
KXMe8gzPQ6,Luquinhas
gjMNvg3KMK,Luís Martins
eV5DzeZaQK,Léo Chú
ljqE2jbwQx,Léo Pereira
0Oq6woOxQ6,Maarten Paes
9vQ2ZemeQK,Mac Steeves
zeQZjOxDQK,Machop Chol
9YqdobRm5v,Maciel
gOMnv1XMwN,Magnus Eriksson
gpMOy2yqzy,Magnus Wolff Eikrem
4wM4kvpQjB,Maicon Santos
eVq3a0ZgMW,Maikel Chang
9vQ2b9eQK6,Maikel van der Werff
0x5gJg07M7,Malachi Jones
4wM4E1og5j,Malcolm Fry
aDQ0Njb35E,Malik Henry
7VqG006dQv,Malik Pinto
KAqBNnYXqb,Malte Amundsen
gOMnYZnAQw,Mamadou Fall
ljqE2EwAQx,Mamadou Fofana
gjMNvObkMK,Mandela Egbo
wvq9epE3qW,Manny Perez
gjMNvE1KMK,Manolo Sánchez
e7MzzmEeMr,Manu Duah
gpMOaaB2qz,Manu García
jYQJ170EqG,Manuel Castro
NWMWraEQlz,Marc Burch
vzqorbnB5a,Marc Pelosi
Pk5LljN5OW,Marc Rzatkowski
gOMnRE8BMw,Marcel Hartel
KXMepGPQ64,Marcel de Jong
gjMNReABMK,Marcelino Moreno
KXMeOVpXq6,Marcelo
gpMOa0D1qz,Marcelo Palomino
2vQ100GqrA,Marcelo Saragosa
gpMOmoOqzy,Marcelo Sarvas
7VqGoadqvW,Marcelo Silva
gOMnl3ZXqw,Marcelo Weigandt
Pk5LeBLLqO,Marco Angulo
2vQ1NLzlMr,Marco Bustos
zeQZ32rMKw,Marco Di Vaio
EGMP1WA5aY,Marco Donadel
Xj5Y0lyMbd,Marco Fabián
aDQ0PKPRQE,Marco Farfan
0Oq6ebd56D,Marco Pappa
9Yqdwlrj5v,Marco Pasalic
OlMlonPQLz,Marco Reus
2lqR1JJ5r0,Marco Ureña
wvq9Xd3l5W,Marcos Dias
9Yqd6zJLMv,Marcos López
2lqRRg2xqr,Marcos Sánchez
eV5DLeE95K,Marcus Epps
9z5k7zAl5A,Marcus Godinho
jYQJzjEQGR,Marcus Hahnemann
xW5pxANJ5g,Marcus Ingvartsen
KXMe4kPQ64,Marcus Tracy
7VqG0jDzQv,Maren Haile-Selassie
Xj5Y6l4Rqb,Mariano Miño
zeQZXgmg5K,Marino Hinestroza
odMX7aKWQY,Marinos Tzionis
315VXzv6Q9,Mario González
raMy1LRMd2,Mario Martínez
NWMWxAZ5lz,Mario de Luna
jYQJ1W7PqG,Marius Obekop
2vQ1LOpxqr,Mark Bloom
4wM42Belqj,Mark Delgado
Oa5wVeYWM1,Mark McKenzie
Pk5L7bDGMO,Mark Segbers
e7Mzlm1Jqr,Mark Sherrod
KPqj7jY4Q6,Mark-Anthony Kaye
XVqKWw32q0,Marko Ilić
2lqRRvmaqr,Marko Maric
wvq9jvANQW,Markus Anderson
xW5py2Jdqg,Markus Cimermancic
NPqxXDkq9d,Markus Halsti
aDQ0knRqEv,Markus Holgersson
2lqRR1wxqr,Marlon
vzqo7PoNqa,Marlon Hairston
7vQ7Ba4YqD,Marlon Vargas
kRQabgWgMK,Marquinhos Pedroso
BLMvLx8qxe,Martin Paterson
raMyZd6k5d,Martin Ponce
vzqokoZqap,Martin Steuble
0x5gNXPM7O,Martín Cáceres
Oa5wV17gM1,Martín Ojeda
2lqRRrWLqr,Martín Rivero
e7Mz9oL7Qr,Martín Rodríguez
eV5DBO9QKn,Marvell Wynne
OlMl6r0qLz,Marvin Chávez
zeQZJwENQK,Marvin Iraheta
a35rKZZwqL,Marvin Loría
0x5gPV9Zq7,Masato Kudo
vzqo721jqa,Mason Stajduhar
eV5DLY8A5K,Mason Toye
raMye0jJMd,Matai Akinmboni
7VqG044WQv,Mateo Bajamich
Pk5LeDgmqO,Mateusz Bogusz
a35rm92ML6,Mateusz Klich
aDQ0NL0R5E,Matheus Aias
xW5pynj0qg,Matheus Nascimento
4JMA97YkMK,Matheus Rossetto
7vQ7rvleqD,Matheus Silva
vzqodxnBQa,Mathias Jørgensen
9YqdY2mRQv,Mathieu Choinière
raMyZARk5d,Mathieu Deplagne
NWMWL3nL5l,Mathías Laborda
aDQ0NZOB5E,Matko Miljevic
315VXepvQ9,Matt Bersano
0Oq67EgQ6D,Matt Besler
XVqKYb9aM0,Matt Crooks
odMXRoXoqY,Matt Freese
NWMWXylK5l,Matt Hedges
OlMlrnPPqL,Matt Kassel
e7MzlWR7qr,Matt LaGrassa
raMyZzBN5d,Matt Lampson
0x5gP3gXq7,Matt Miazga
aDQ0023QEv,Matt Pickens
9vQ22pVaQK,Matt Polster
0x5g2KPRM7,Matt Real
Oa5wKVW514,Matt Reis
Vj58BnDLQ8,Matt Turner
NPqxm12kQ9,Matt Van Oekel
2vQ1LEGLqr,Matt Watson
a35rPoAQL6,Matteo Ferrari
Pk5L1V1DqO,Matteo Mancosu
gpMOL0G15z,Matthew Bell
N6MmWLNPqE,Matthew Corcoran
N6Mm7ZVZqE,Matthew Dunn
9vQ2ZlkaQK,Matthew Edwards
KPqjoEmyQ6,Matthew Fondy
ljqELA3E5x,Matthew Hoppe
7VqGmlO3Mv,Matthew Jones
odMX74RaQY,Matthew Nocita
gOMnlp9eqw,Matti Peltola
KPqj7Y0BQ6,Matty Longstaff
vzqo7j8kqa,Matías Cóccaro
4wM42xzBqj,Matías Laba
OlMleyrD5L,Matías Pellegrini
NWMWRvjQlz,Matías Pérez García
KPqj7VbYQ6,Matías Rojas
9z5kzxeMA3,Matías Sánchez
Vj58BzJ4Q8,Matías Vera
Xj5Yrryqbd,Maurice Edu
OlMlegLA5L,Mauricio Cuevas
KAqBgZVQbg,Mauricio Pereyra
a35rKA2AqL,Mauricio Pineda
0x5gjnwM7O,Mauro Díaz
315VX4g9Q9,Mauro Manotas
eV5DXEY5Kn,Mauro Rosales
eV5Dk7vaMK,Max
wvq9el3NqW,Max Anchor
2lqR7wZaQr,Max Arfsten
7vQ7w3kLQD,Max Floriani
KPqjzJ2q6v,Maxi Moralez
4JMAaBP6MK,Maxim Tissot
xW5pbAlQg1,Maxime Chanot
KPqjonZyQ6,Maxime Crépeau
jYQJzoGVQG,Maxime Dominguez
gjMNRxjvMK,Maximiliano Falcón
0Oq6lLZgM6,Maximiliano Urruti
Oa5wdol4q1,Maximo Carrizo
KAqBlEZMbg,Maya Yoshida
e7Mze47Qr0,Maynor Figueroa
Xj5Y6AlAqb,McKinze Gaines
KAqBjdRvqb,Mechack Jerome
XVqKoxDq01,Mehdi Ballouchy
gjMNNgKMKp,Mekeil Williams
ljqE2PwVQx,Memo Rodríguez
gpMOoLXyMz,Mender García
Pk5L6BzZQO,Micael
0Oq6w947Q6,Michael Baldisimo
gOMnRPxXMw,Michael Barrios
aDQ0aNE3ME,Michael Boxall
Vj58zZ2Q8n,Michael Bradley
7VqGmePWMv,Michael Bustamante
ljqEZWwQx0,Michael Ciani
0x5g2mYrM7,Michael Collodi
0x5g2EwmM7,Michael Edwards
gpMOag9Dqz,Michael Estrada
9z5kabNlQA,Michael Farfan
eVq3YxXMWO,Michael Fucito
zeQZ0az5Kw,Michael Gspurning
BLMv7a2A5x,Michael Halliday
9vQ20zL5K6,Michael Harrington
p6qb4OwM0G,Michael Lahoud
2vQ1pwxqrA,Michael Mancienne
Oa5wV8X9M1,Michael Murillo
raMyZr7A5d,Michael Nanchoff
a35ryngKML,Michael Nelson
gpMOV7DQzy,Michael Parkhurst
eVq3aVY6MW,Michael Petrasso
gpMOzZ21Qz,Michael Salazar
0x5gPvkrq7,Michael Seaton
odMXXZAMYL,Michael Stephens
9z5kNOEdMA,Michael Sullivan
0x5g8Nwq7O,Michael Thomas
wvq9r3NQWn,Michael Videira
KAqBka7BQb,Michael Wentzel
XVqK0vNQ01,Michael de Leeuw
0Oq6wZlXQ6,Michaell Chirinos
N6Mm7OawqE,Micheal Azira
N6MmoAAWqE,Michee Ngalina
NWMW07D5lz,Michel
0x5g2KNmM7,Miguel Aguilar
raMyAywlMd,Miguel Almirón
kRQabyPjMK,Miguel Araujo
kRQaoNZj5K,Miguel Berry
gOMnRK4xMw,Miguel Camargo
gpMOz8oEQz,Miguel Ibarra
jYQJal6kqG,Miguel Navarro
raMyekYkMd,Miguel Perez
0Oq6w6WPQ6,Miguel Tapias
e7Mzl0nXqr,Miguel Trauco
OlMlekR5Lz,Mika Väyrynen
a35rByv25L,Mikael Marques
X0Oq6Nxq6D,Mikael Silvestre
e7Mz9GBOQr,Mikael Uhre
7VqGG6dqvW,Mike Chabala
NWMWkejMlz,Mike Grella
Vj580LD58n,Mike Magee
eV5D01ZA5K,Mike da Fonte
gOMn6X0eMw,Mikey Ambrose
jYQJ1EOGqG,Mikey Lopez
Xj5Y60Kxqb,Miki Yamane
eVq3alzDMW,Mikkel Desler
vzqo7o4kqa,Milan Iloski
jYQJzWGyQG,Miles Robinson
Oa5wYWW9Q1,Miller Bolaños
BLMvly1Oqx,Milos Degenek
7VqGgNjqvW,Milos Kocic
eV5DL1aa5K,Milton Valenzuela
gpMOoYj1Mz,Missael Rodríguez
315VedBGM9,Mitchell Taintor
aDQ0l7kWQE,Mitja Ilenic
vzqo4pvQap,Mix Diskerud
Xj5Y6VXxqb,Modou Jadama
vzqornnY5a,Mohamed El-Munir
gOMnlGZmqw,Mohamed Farsi
jYQJgDREMG,Mohamed Traore
Oa5wYAN9Q1,Mohammed Abu
4wM4aBOp5j,Mohammed Adams
0Oq6lWB2M6,Mohammed Saeid
7vQ7eNPO5D,Mohammed Sofo
Pk5Lg3wLMO,Mohanad Jeahze
4wM42Jrzqj,Moises Hernandez
Vj58BnRDQ8,Molham Babouli
eVq3ydEvMW,Monsef Bakrar
eVq3yPAGMW,Morris Duggan
raMyrZKR5d,Moses Nyeman
Xj5Y9bmX5b,Moussa Djitté
Pk5Lzzv7QO,Moïse Bombito
0x5gBe7M7O,Muhamed Keita
kRQaeyE1QK,Mustafa Kizza
EGMPYRXV5a,Musu
2lqR7yoAQr,Mykhi Joyner
Pk5Lggy7MO,Myrto Uzuni
xW5pw0RGMg,Nabilai Kibunguchy
N6MmeX2wME,Nacho Gil
jYQJnEGQGR,Nana Attakora
aDQ0znW5Ev,Nani
Oa5wAK7jQ1,Nanu
0x5gNWmM7O,Nat Borchers
OlMl9GgN5L,Nathan
ljqEjV8oQx,Nathan Byrne
9vQ2Z1GaQK,Nathan Fogaça
KAqBNL8mqb,Nathan Harriel
N6Mmo9EPqE,Nathan Ordaz
7VqG0wE6Qv,Nathan Saliba
p6qbOPb6Q0,Nathan Smith
Vj580AE58n,Nathan Sturgis
XVqKYzG0M0,Nazmi Albadawi
Oa5wVXwAM1,Neco Brett
KAqBwOBQbg,Ned Grabavoy
gOMnJm6MwN,Nedum Onuoha
eV5Dky89MK,Nelson Palacio
9z5kbwEdMA,Nelson Pierre
NPqxA8RmQ9,Nelson Quiñones
zeQZEkYqKw,Nelson Rivas
eV5DjyaQKn,Nemanja Nikolic
7vQ73eoDQD,Nemanja Radoja
raMyAZyBMd,Nicholas DePuy
gpMOoN8OMz,Nicholas Gioacchini
gpMOaPn1qz,Nicholas Hagen
vzqoJzL75a,Nicholas Markanich
gpMOalORqz,Nicholas Scardina
vzqo71lNqa,Nick Besler
zeQZJwX1QK,Nick DeLeon
raMyAExNMd,Nick Fernandez
eVq3jWLw5W,Nick Firmino
9z5karAKQA,Nick Hagglund
vzqoWWYqap,Nick LaBrocca
gOMnR6e6Mw,Nick Lima
a35rldmeQL,Nick Marsman
vzqoOapqap,Nick Rimando
2vQ1Njr8Mr,Nick Walker
7VqG080xQv,Nicksoen Gomis
7VqGjKre5v,Nico Benalcazar
7vQ7wYXeQD,Nico Cavallo
zeQZ7EwZMK,Nico Lemoine
0Oq6lgl6M6,Nicolai Næss
XVqKYY1BM0,Nicolas Benezet
N6MmeEN0ME,Nicolas Defreitas-Hansen
p6qb3zlDQ0,Nicolas Fleuriau Chateau
KAqBjjAZqb,Nicolas Hasler
kRQayrjQKZ,Nicolas Isimat-Mirin
7vQ7Bmj8qD,Nicolás Acevedo
odMXGB1xQY,Nicolás Dubersarsky
eVq3aLbnMW,Nicolás Figal
0x5gPakRq7,Nicolás Freire
KAqBbvXqbg,Nicolás Gaitán
NWMWeDYqlz,Nicolás Lodeiro
ljqEjjZkQx,Nicolás Mezquida
kRQaw1eO5K,Nicolás Rodríguez
Vj58lXp258,Nicolás Romero
gOMnRVm8Mw,Nicolás Stefanelli
Vj58ag8q8n,Nigel Reo-Coker
KAqB9aJV5b,Nigel Robertha
xW5p7vJMg1,Nigel de Jong
BLMvzNwBMx,Niki Jackson
vzqo7j3Jqa,Niko Hansen
xW5prWaBQg,Niko Hämäläinen
BLMv6ZyRMx,Niko Tsakiris
XVqK2D6R50,Nikola Petkovic
e7Mzl0O6qr,Nikola Vujnovic
KAqBN2aVqb,Nikolas Dyhr
2lqR7EBWQr,Nimfasha Berchimas
Vj58WoYmM8,Njabulo Blom
0Oq63P32Q6,Nkosi Tafari
EGMPZpX6qa,Nnamdi Chinonso Offor
KPqjK4w4Q6,Noah Allen
vzqo7A3Lqa,Noah Billingsley
EGMPR64xqa,Noah Cobb
KAqBNrRXqb,Noah Eile
Vj58BPvLQ8,Noah Powder
7vQ7J9k2qD,Noble Okello
N6MmWAYwqE,Noel Buck
eV5D2RJAQK,Noel Caliskan
Oa5wdxN9q1,Nolan Norris
eVq3l8VQWO,Norberto Paparatto
KPqjGLPQ6v,Nosa
vzqo7jLvqa,Nouhou
a35ryXm2ML,Novak Micovic
NWMWz3LQlz,Nuno Coelho
OlMl9NoE5L,Nuno Santos
EGMPnxNAqa,Nykolas Sessock
Vj5833JM8n,Nélson Haedo Valdez
7VqG0b7jQv,Nökkvi Thórisson
0x5g2ZRZM7,Oalex Anderson
Oa5wAAe4Q1,Obafemi Awodesu
4JMA806QKg,Obafemi Martins
Vj58WNDrM8,Obed Vargas
xW5pyrwKqg,Obinna Nwobodo
gjMNvLRpMK,Octavio Rivero
9vQ2ZWw1QK,Odin Thiago Holm
9YqdxKjqvJ,Oguchi Onyewu
2vQ1jGzOMr,Ola Brynhildsen
315Vz8n59x,Ola Kamara
Pk5LggA7MO,Oleksandr Svatok
2lqRj3Zxqr,Olger Escobar
vzqo7zdZqa,Oliver Larraz
jYQJYXLkqG,Oliver Semmle
eVq3v9n5WO,Olivier Giroud
Vj58WXb2M8,Olivier Mbaizo
NPqxmGrgQ9,Olmes García
Xj5YyZOw5b,Olwethu Makhanya
4wM4J12kqj,Omar Browne
N6MmWW4eqE,Omar Campos
NWMWrrYQlz,Omar Cummings
a35rl8kwQL,Omar Gaber
raMy4ylQd2,Omar González
XVqKW9ADq0,Omar Holness
p6qbeo1650,Omar Salgado
BLMv7Dl35x,Omar Sowe
a35rBOLG5L,Omar Valencia
Pk5LepoOqO,Omari Glasgow
Pk5LA4YqOW,Omer Damari
vzqo78BJqa,Omir Fernández
KXMek9R2q6,Ondrej Lingr
4JMA9GAYMK,Oniel Fisher
0Oq63YndQ6,Onni Valakari
7VqGjEe65v,Orji Okwonkwo
gOMnl6zBqw,Osaze De Rosario
4JMAoR9lqK,Osaze Urhoghide
jYQJ1GpWqG,Oscar Sorto
7vQ7xGkYMD,Oscar Verhoeven
0x5gLEGRq7,Oskar Aegren
Xj5Y9eBx5b,Osman Bukari
jYQJOaZMGR,Osvaldo Alonso
raMy43RQd2,Oswaldo Alanís
gOMngPA5wN,Oswaldo Minda
vzqoddyjQa,Ousman Jabang
odMX7KkoQY,Ousmane Doumbia
ljqELmeo5x,Ousseni Bouda
eVq3yR3yMW,Owen Gene
odMXE98x5Y,Owen Graham-Roache
4wM4J8bNqj,Owen Wolff
NWMWozjzMl,O’Vonte Mullings
9vQ2oymMK6,Pa Modou Kah
9z5k780l5A,Pablo Aránguiz
gOMnlXymqw,Pablo Bonilla
7VqG3nxqvW,Pablo Mastroeni
raMyeZ2NMd,Pablo Ortíz
odMXLj2MYL,Pablo Piatti
9vQ2RBLQK6,Pablo Pintos
p6qbOkywQ0,Pablo Ruiz
Vj58B64EQ8,Pablo Sisniega
eVq3zAy5WO,Pablo Álvarez
315V8r9Q9x,Paolo Tornaghi
zeQZPrN5Kw,Patrice Bernier
Oa5w0Kv4q1,Patrick Agyemang
wvq9g7B7MW,Patrick Doody
Oa5w9R9Q14,Patrick Ianni
9z5kaZePQA,Patrick McLain
gjMNvJR4MK,Patrick McNair
0Oq6ERe256,Patrick Metcalfe
gjMNv8gBMK,Patrick Mullins
wvq9GKwMWn,Patrick Nyarko
kRQaonbo5K,Patrick Schulte
gjMNR0vBMK,Patrick Seagrist
Oa5wAkz9Q1,Patrick Weah
7VqG3Vmjqv,Patrick Yazbek
raMyrEDR5d,Patrickson Delgado
zeQZ7D3xMK,Patryk Klimala
2vQ1LYxbqr,Paul Arriola
gOMnld7xqw,Paul Christensen
XVqKeRLNM0,Paul Gindiri
raMyyJaAMd,Paul Marie
2lqRkbN4Qr,Paul Rothrock
eVq3EEXMWO,Paulo Nagamura
N6MmJrw5EG,Paulo Renato
4wM4JrbBqj,Pavel Bucha
KPqjKbg2Q6,Paxten Aaronson
kRQa207YMK,Paxton Pomykal
0Oq6la47M6,Pecka
Oa5w0Lp9q1,Pedrinho
KXMe8JD2Q6,Pedro Amador
NPqxej8gQ9,Pedro Baez
kRQa22wjMK,Pedro Gallese
7VqGdaAQvW,Pedro Morales
XVqKWdVWq0,Pedro Ribeiro
eVq3apWvMW,Pedro Santos
KXMe8EJ6Q6,Pedro Vite
4wM4J9zlqj,Pedro de la Vega
4wM4J0KNqj,Peglow
jYQJ1ZRDqG,Pele van Anholt
aDQ0PZY3QE,Pep Biel
kRQabo8gMK,Perry Kitchen
315VPR6vQ9,Petar Musa
9Yqda9EQvJ,Peter Luccin
Xj5Y9wax5b,Peter Stroud
KPqj72gEQ6,Peter-Lee Vassell
7VqGeBYMvW,Peterson Joseph
315V7AgEq9,Peyton Miller
7vQ73mYLQD,Phanuel Kavita
4JMAL2wlQK,Phelipe
KXMe4W2Q64,Philip Lund
0Oq6LeJ7M6,Philip Quinton
jYQJ14KyqG,Philip Zinckernagel
vzqoe47Map,Philippe Senderos
gOMnl7PAqw,Piero Elias
KAqB9VNv5b,Pierre Da Silva
KPqj7dxnQ6,Pierre Reedy
gOMnRrJxMw,Pity Martínez
4JMAkkK1qK,Preston Judd
jYQJznrBQG,Prince Owusu
ljqEjkPwQx,Przemyslaw Frankowski
aDQ0AgRMEv,Przemyslaw Tyton
NPqxyaYQ9d,Péguy Luyindula
KPqj8YRM6v,Quentin Westberg
vzqodD8ZQa,Quimi Ordoñez
9Yqd4Y7qvJ,Quincy Amarikwa
Vj58WX4JM8,Quinn McNeill
Pk5LeG0YqO,Quinn Sullivan
9z5kagOjQA,RJ Allen
9Yqdkdym5v,Rafael Baca
p6qb4pwM0G,Rafael Cabral
N6Mm78LWqE,Rafael Czichos
N6Mm76oZqE,Rafael Garcia
2vQ1Le1Oqr,Rafael Gladiador
OlMleWzR5L,Rafael Navarro
zeQZ7XVrMK,Rafael Ramos
9vQ2YEmqK6,Rafael Romo
2lqRkWG0Qr,Rafael Santos
0x5g2xoXM7,Raheem Edwards
0x5g1BmQ7O,Rais M'bolhi
KXMe87ZPQ6,Ralph Priso
KAqBjgDAqb,Ramiro
gpMO1aRqzy,Ramiro Corrales
gjMN614vMK,Ramiro Enrique
OlMlYYw5Lz,Ramón Núñez
e7Mz9xyOQr,Ramón Ábila
2vQ1Nv7LMr,Randall Leal
2vQ14E1Kqr,Ranko Veselinović
xW5prAjYQg,Raoul Petretta
315VeK4YM9,Raphael Augusto
2lqRPBwnMr,Rashawn Dally
eVq3jvxX5W,Rasheed Olabiyi
KPqjKNkBQ6,Rasmus Alm
vzqo0rBQap,Rasmus Schüller
p6qbOr43Q0,Raul Aguilera Jr.
4wM4aljy5j,Raul Mendiola
NWMWR67Qlz,Rauwshan McKenzie
raMyZA6R5d,Ravel Morrison
aDQ0x9bpQE,Rayan Elloumi
Xj5Y6bvaqb,Rayan Raveloson
aDQ0a8plME,Raymon Gaddis
2lqRkdg4Qr,Raymond Lee
eVq37G6qWO,Razvan Cocis
9z5kjAjMA3,Raúl Fernández
e7Mzl98Gqr,Raúl Gudiño
Pk5L1gE7qO,Raúl Rodríguez
2lqRRJ2Lqr,Raúl Ruidíaz
Oa5wV7lgM1,Reagan Dunk
KXMekw02q6,Rece Buckmaster
wvq9ebLaqW,Reed Baker-Whiting
4wM4aomy5j,Reggie Cannon
xW5pmRRqg1,Reggie Lambe
315V7bLYq9,Reid Roberts
Vj58BZb2Q8,Renzo Zambrano
NPqxYXxQ9d,Reto Ziegler
OlMlLp4MLz,Ricardo Clark
N6MmoGWWqE,Ricardo Pepi
ljqEjOY4Qx,Ricardo Velazco
0x5gP64Pq7,Richard Balchan
NWMWwbeMlz,Richard Eckersley
KAqBNLbvqb,Richard Ledezma
vzqordwj5a,Richard Sánchez
KAqB9DZX5b,Richie Laryea
jYQJz8jVQG,Richie Marquez
wvq9eBAlqW,Ricky Lopez-Espin
vzqodDnvQa,Rida Zouhir
2vQ14d4xqr,Riqui Puig
zeQZX6bK5K,Roald Mitchell
aDQ0O43qEv,Rob Friend
a35rK1aeqL,Rob Lovejoy
eVq3jedy5W,Rob Vincent
a35r6G45L6,Robbie Findley
mvzqojj5ap,Robbie Keane
Pk5Lgax7MO,Robbie Robinson
zeQZK11MKw,Robbie Rogers
raMy7neqd2,Robbie Russell
2lqRevJ5r0,Robert Beric
NWMWVeDDQl,Robert Castellanos
odMX8pAMYL,Robert Earnshaw
KXMeke41q6,Robert Taylor
wvq9eY8YqW,Robert Voloder
gOMnlYO6qw,Roberto Avila
KAqBW67Qbg,Roberto Puncec
Oa5wYLD9Q1,Robin Jansson
p6qbeZ1p50,Robin Lod
eV5DLkYO5K,Robinho
4wM4J01Nqj,Rocco Rios Novo
wvq9Xym5Wn,Rod Fanni
9YqdogzE5v,Rodney Redes
gOMn4PlqwN,Rodney Wallace
0Oq6lm4zM6,Rodolfo Pizarro
raMyZoye5d,Rodolfo Zelaya
eVq3jO1D5W,Rodrigo Pacheco
jYQJa67yqG,Rodrigo Piñeiro
XVqKWP2wq0,Rodrigo Ramos
a35rKXALqL,Rodrigo Saravia
ljqEVeEoQx,Rodrigo Schlegel
N6MmebxeME,Rodrigues
0x5gXlrq7O,Roger Espinoza
aDQ0adk3ME,Roland Alberg
BLMvOGX5xe,Roland Lamah
BLMvEoAQxe,Rolando Escobar
odMXxGeMYL,Rolf Feltscher
ljqEjAWwQx,Romain Alessandrini
0x5g2VW7M7,Romain Gall
0Oq6l8YgM6,Romain Métanire
BLMva87Qxe,Roman Bürki
gjMNeXBpQK,Roman Celentano
Oa5wYrOWQ1,Romario Ibarra
raMyAK7RMd,Romario Williams
KPqjoVdYQ6,Romell Quioto
KPqj74g4Q6,Rominigue Kouame
Pk5LwDNMOW,Román Torres
eVq3r1eD5W,Ronald Donkor
eV5DLWdm5K,Ronald Hernández
0x5g2LVRM7,Ronald Matarrita
KAqB4EvMbg,Ronald Zubar
gjMNRlApMK,Ronaldo Cisneros
2lqRkPA0Qr,Ronaldo Peña
EGMP1j9x5a,Rory O'Driscoll
gjMNBo4MKp,Roy Miller
2lqRkWjJQr,Ruan
gpMOz121Qz,Ruben Bover
p6qb0L4M0G,Ruben Gabrielsen
NWMWVjaDQl,Rubio Rubín
gpMOeEDEqz,Rubén Ramos Jr.
zeQZJ7YgQK,Rudy Camacho
7vQ7rPpOqD,Russell Canouse
BLMvlPy3qx,Russell Teibert
KPqjovpEQ6,Ryan Finley
9z5ka8adQA,Ryan Gauld
Xj5YpDAMbd,Ryan Guy
wvq9pAjl5W,Ryan Hollingshead
EGMP4ByMaY,Ryan Johnson
KAqBjoBvqb,Ryan Kent
gOMn6OlmMw,Ryan Meara
NPqxX3mq9d,Ryan Miller
Pk5Le0VDqO,Ryan Raposo
9Yqdko995v,Ryan Richter
raMyeneJMd,Ryan Sailor
9YqdKPj5vJ,Ryan Shawcross
0Oq63Ym2Q6,Ryan Spaulding
9vQ226BxQK,Ryan Telfer
raMyedEkMd,Rémi Cabral
0x5gPGKPq7,Rémi Walter
Oa5wA7V4Q1,Róbert Thorkelsson
raMyJle5d2,Róger Torres
eVq3j7mj5W,Saad Abdul-Salaam
p6qbOnb8Q0,Saba Lobjanidze
KAqBwAWQbg,Sacha Kljestan
e7Mzkwj5r0,Sainey Nyassi
4wM4pewlMj,Sal Olivas
a35ra9GML6,Sal Zizzo
aDQ0ao1PME,Sam Adekugbe
aDQ0lpPBQE,Sam Adeniran
4wM4NZyqjB,Sam Cronin
Xj5Y8J9AMb,Sam Cruz Garza
a35rKJdeqL,Sam Hamilton
KXMek263q6,Sam Johnson
NWMWLO7N5l,Sam Junqua
4JMAaEp9MK,Sam Nicholson
KPqj71NyQ6,Sam Surridge
OlMl9zeE5L,Sam Vines
odMXEZjr5Y,Sam Williams
eVq3jgbX5W,Samba
KXMe8zRPQ6,Sami Guediri
0Oq6lj26M6,Samuel
jYQJxXE5GR,Samuel Armenteros
xW5pyEZBqg,Samuel Bassett
7VqGjPwe5v,Samuel Grandsir
gOMnvaBMwN,Samuel Inkoom
gjMNKgv5Kp,Samuel Ochoa
7VqGj3RA5v,Samuel Piette
KPqj7loEQ6,Samuel Rogers
wvq9eXy3qW,Samuel Sarver
4wM4aRPp5j,Samuel Shashoua
9vQ22omrQK,Samuel Tetteh
Oa5wzADM14,Sanna Nyassi
p6qbePyD50,Santiago Arias
Oa5wYlbjQ1,Santiago González
gpMOeAdDqz,Santiago Morales
4wM4JmKAqj,Santiago Moreno
aDQ0PDEpQE,Santiago Mosquera
ljqELmrw5x,Santiago Muñoz
9YqdoPb85v,Santiago Patiño
N6MmoXVxqE,Santiago Rodríguez
9Yqd6zwjMv,Santiago Sosa
gpMOJRRQzy,Saphir Taïder
p6qbgbN8Q0,Sawyer Jura
Pk5LV4LQOW,Saër Sène
315VKB6q9x,Scott Arfield
2lqRRvNxqr,Scott Caldwell
4JMAP39QKg,Scott Sutter
9vQ2dAKY5K,Sean Davis
a35rXZBQL6,Sean Franklin
9z5kGga5A3,Sean Johnson
4wM4JGblqj,Sean Nealis
zeQZJgjZQK,Sean Okoli
aDQ0NdJP5E,Sean Rea
Pk5LZnOQOW,Sean St Ledger
eV5DL1xR5K,Sean Zawadzki
jYQJbbEQGR,Seb Hines
XVqKejrWM0,Sebastian Anderson
eVq3xk1VQW,Sebastian Berhalter
raMyAW6BMd,Sebastian Breza
p6qbKw6Q0G,Sebastian Giovinco
ljqE20nYQx,Sebastian Kowalczyk
4JMAaaxkMK,Sebastian Lletget
kRQabOD8MK,Sebastian Velasquez
odMX8xmrMY,Sebastien Ibeagha
9vQ2zAYQK6,Sebastien Le Toux
eV5D9A9qKn,Sebastián Blanco
KXMekOprq6,Sebastián Driussi
2lqRR64nqr,Sebastián Fernandez
aDQ0Pv1WQE,Sebastián Ferreira
Pk5L10m7qO,Sebastián Jaime
Xj5Y6DJAqb,Sebastián Saucedo
eVq3jJV65W,Sega Coulibaly
9vQ2ZdoLQK,Selmir Pidro
KXMe8jYxQ6,Serge Ngoma
wvq9gzx1MW,Sergi Palencia
N6Mm9WPMEG,Sergii Kryvtsov
NWMW0Bz5lz,Sergio Busquets
ljqE2oxkQx,Sergio Campbell
xW5pro36Qg,Sergio Córdova
7vQ7xgKOMD,Sergio Oregel
Xj5Y6n4Gqb,Sergio Ruiz
9Yqd6yrkMv,Sergio Santos
EGMPlZYjMa,Servando Carrasco
KXMerEB564,Seth Sinovic
eV5DLPJY5K,Seyi Adekoya
eVq3ejEvMW,Seymour Reid
0Oq6Ervr56,Shaft Brewer
KAqBvvRmqb,Shakur Mohammed
eV5DRkZQKn,Shalrie Joseph
raMyAnbAMd,Shamit Shome
KAqB986v5b,Shandon Hopeau
aDQ0a6jPME,Shane O'Neill
KAqBNN6Bqb,Shanyder Borgelin
vzqod7xBQa,Shapi Suleymanov
0x5g2pW7M7,Shaq Moore
Pk5LlmY5OW,Shaun Francis
vzqoG47qap,Shaun Maloney
jwvq9omMWn,Shaun Wright-Phillips
Pk5L167PqO,Shawn Barry
4JMAaOVDMK,Shay Facey
BLMvXJOqxe,Shea Salinas
Pk5LPy75OW,Sheanon Williams
XVqKvYD501,Sherjill MacDonald
2vQ101wqrA,Shkëlzen Gashi
KPqjKN62Q6,Show
jYQJad7DqG,Siad Haji
gpMOrZv2Qz,Sidnei Tavares
NPqxXKkq9d,Siem de Jong
9z5k7kBJ5A,Sigurd Rosted
gjMNRVXYMK,Silvester van der Water
XVqKG1XWq0,Simon Becher
eVq3xypvQW,Simon Colyn
EGMPWYrQaY,Simon Dawkins
9YqdEp7QvJ,Sinisa Ubiparipovic
315V7zn7q9,Sofiane Djeffal
7VqGb0X5vW,Soni Mustivar
9vQ2dey75K,Soony Saad
2vQ144gLqr,Sota Kitahara
wvq9gNr3MW,Souleyman Doumbia
gjMNRvwBMK,Spencer Richey
KAqB9ryV5b,Stanislav Ivanov
2lqRapW5r0,Stefan Aigner
KXMe3LX1q6,Stefan Chirila
gjMNRZE3MK,Stefan Cleveland
XVqKneW501,Stefan Frei
NWMWajDqlz,Stefan Ishizaki
KPqjmAE56v,Stefan Marinovic
Xj5Y8BmRMb,Stefano Bonomo
9Yqd6zYOMv,Steffen Yeates
wvq9jYdBQW,Stephen Afrifa
KAqBwwAQbg,Stephen Keel
315VeP16M9,Stephen McCarthy
EGMPZGYrqa,Stephen Turnbull
7VqGmOljMv,Steve Clark
2vQ1L2nOqr,Steve Neumann
p6qbrx8q0G,Steve Purdy
KAqBJNmqbg,Steve Zakuani
Oa5wEGBQ14,Steven Beitashour
aDQ0avK3ME,Steven Birnbaum
Oa5wO39514,Steven Caldwell
Z315V3nq9x,Steven Gerrard
gpMOx375zy,Steven Kinney
KPqjAeR56v,Steven Lenhart
gjMNvrO4MK,Steven Moreira
KPqjK0kYQ6,Steven Sserwadda
aDQ0Y4vMEv,Steven Taylor
0x5gvbjM7O,Steven Vitória
e7Mz4lGqr0,Steward Ceus
9vQ2d66e5K,Stian Gregersen
9vQ2ZrB1QK,Stipe Biuk
gOMnYNjlQw,Stiven Jimenez
9vQ2ZEYoQK,Strahinja Tanasijević
KAqBjVjmqb,Stuart Armstrong
jYQJ1w0GqG,Stuart Findlay
eV5DkvNOMK,Stuart Hawkins
4JMAaDnlMK,Stéfano Pinho
ljqEgE4Mx0,Sunny
vzqodgRYQa,Sunusi Ibrahim
2vQ14nnLqr,Szabolcs Schon
wvq9Xdlw5W,Tadeo Allende
7vQ7xpBzMD,Taha Habroune
aDQ0PJpPQE,Tai Baribo
a35rrkbG5L,Tajon Buchanan
Oa5wAaRjQ1,Talles Magno
Pk5LW37MOW,Tally Hall
N6MmWzkwqE,Tani Oluwaseyi
a35ryZ7bML,Tanner Beason
4JMAovGOqK,Tanner Tessmann
vzqoJLyY5a,Tarik Scott
raMyeRERMd,Tate Johnson
EGMP1wzA5a,Tate Schmitt
KXMeklJ1q6,Taty Castellanos
4JMAam67MK,Taxiarchis Fountas
0x5g2Ra7M7,Taylor Hunter
wvq9p7dY5W,Taylor Kemp
NWMWXvpj5l,Taylor Morgan
315VXenbQ9,Taylor Peay
2lqRkoYxQr,Taylor Washington
315VPPBEQ9,Tayvon Gray
Vj587nmM8n,Teal Bunbury
odMXp3AMYL,Teemu Pukki
vzqo7joZqa,Teenage Hadebe
eVq3xvygQW,Tega Ikoba
gpMOogB1Mz,Telasco Segovia
e7Mz9bO7Qr,Terrence Boyd
p6qbRvwq0G,Terry Dunfield
KAqB9Vgm5b,Tesho Akindele
0Oq63lbzQ6,Themi Antonoglou
7VqGJ2P35v,Theo Bair
gpMOo1JyMz,Theo Corbeanu
e7MzJVJ7Mr,Theodore Ku-Dipietro
Pk5LedyLqO,Thiago Almada
4wM4JyWBqj,Thiago Andrade
4wM4JkaAqj,Thiago Fernandes
xW5pxRGB5g,Thiago Martins
7vQ7rJ3eqD,Thiago Santos
l7vQ7125D1,Thierry Henry
vzqorepv5a,Thomas
wvq9gNglMW,Thomas Edwards
gOMnRnO8Mw,Thomas Hasal
NWMWwxEMlz,Thomas Piermayr
aDQ0Nd7l5E,Thomas Roberts
OlMle3AD5L,Thomas Williams
ljqELaO45x,Thomás Chacón
7VqG376xqv,Thorleifur Úlfarsson
NPqxmL8Q9d,Tim Cahill
BLMvrNXMxe,Tim Howard
7VqGm2OYMv,Tim Leibold
XVqKYjZaM0,Tim Melia
wvq9g7AaMW,Tim Parker
315V60b59x,Tim Ream
aDQ0PjypQE,Timo Baumgartl
7vQ7rWkEqD,Timo Pitter
Xj5Y6kWaqb,Timothy Tillman
OlMl9L805L,Tobias Salquist
NPqxkJW59d,Todd Dunivant
eVq3jBjj5W,Tom Barlow
gpMOzrjDQz,Tom Heinemann
gOMnR9bXMw,Tom Pearce
vzqorn0J5a,Tom Pettersson
2vQ1N8YKMr,Tomas Hilliard-Arce
KXMekNYBq6,Tomas Ostrak
gOMnaJEJQw,Tomas Pondeca
315VXO8XQ9,Tomas Totland
NWMWV8ljQl,Tommy McCabe
aDQ0PjnGQE,Tommy McNamara
vzqorndj5a,Tommy Meyer
9z5k7bJl5A,Tommy Redding
BLMv77485x,Tommy Silva
2lqRxY4Mr0,Tommy Smith
2lqRkPknQr,Tommy Thompson
eVq3rkkw5W,Tomás Avilés
KPqjKRARQ6,Tomás Chancalay
gpMOaEwrqz,Tomás Conechny
2lqRRDgAqr,Tomás Martínez
gpMOaDWrqz,Tomás Pochettino
Oa5wV6LWM1,Tomás Romero
raMyeeOAMd,Tomás Ángel
9z5k7VrY5A,Toni Datkovic
eV5DxNn5Kn,Toni Dovale
gpMOa627qz,Tony Alfaro
zeQZV9KQKw,Tony Beltran
9vQ2dpZa5K,Tony Cascio
eVq3j3ly5W,Tony Gallacher
EGMPgnAQaY,Tony Lochhead
eV5DLBW95K,Tony Rocha
gjMNNDjMKp,Tony Taylor
Pk5Lb0NQOW,Tony Tchani
p6qb0K3M0G,Tosaint Ricketts
eVq3jbrg5W,Toyosi Olusanya
7VqG1rWMvW,Tranquillo Barnetta
Xj5Y6d6Rqb,Travis Worra
2lqRkj6AQr,Trevor Spangenberg
OlMlnxlDqL,Tristan Blackmon
0Oq67k7Q6D,Tristan Bowen
e7MzJWAPMr,Tristan Brown
zeQZ7DJzMK,Tristan Muyumba
gpMOV4DQzy,Troy Perkins
gOMnYzdxQw,Tsiki Ntsabeleng
jYQJ1l4DqG,Tsubasa Endoh
xW5pyx70qg,Tucker Lepley
Pk5LR9GQOW,Ty Harden
KXMegX31q6,Tyger Smalls
e7MzlN46qr,Tyler Adams
kRQabOZYMK,Tyler Blackett
p6qbekPD50,Tyler Boyd
aDQ0od3qEv,Tyler Deric
gjMNR8xjMK,Tyler Miller
9z5kakyJQA,Tyler Pasher
KAqB9NNA5b,Tyler Turner
Oa5wAK9WQ1,Tyler Wolff
jYQJYXpPqG,Tyrese Spicer
zeQZeyKqKw,Tyrone Mears
KPqjwAY2Q6,Tyson Pearce
BLMvRplMxe,Tyson Wahl
KPqj7p4PQ6,Ulises Segura
wvq9pBZm5W,Uri Rosell
eV5DLDna5K,Uriel Antuna
xW5pXjB5g1,Vadim Demidov
ljqEjjeoQx,Valeri Qazaishvili
NWMWX9mY5l,Ventura Alvarado
raMyxpAQd2,Vicente Sánchez
OlMl9VdP5L,Victor Arboleda
KAqB97xV5b,Victor Bezerra
eVq3yl2jMW,Victor Eriksson
Xj5Y6Z3Xqb,Victor Giro
eVq32O0D5W,Victor Griffith
ljqELmRk5x,Victor Loturi
N6MmeZPwME,Victor Mansaray
xW5pxyYl5g,Victor Pineda
4JMA1yOMKg,Victor Pálsson
zeQZJX6KQK,Victor Ulloa
wvq9wYNMWn,Victor Wanyama
Pk5LgK7PMO,Vincent Bezecourt
kRQaG3Y5KZ,Vincent Nogueira
N6MmWekZqE,Vinicius Mello
Xj5Y3k0Qbd,Vito Mannone
4JMAbZl5Kg,Vito Wormgoor
0Oq6wvbgQ6,Vitor Costa
aDQ0l8j3QE,Vuk Latinovich
raMyndB5d2,Vytautas Andriuskevicius
KAqBaJZ5bg,Víctor Bernárdez
eVq3j29D5W,Víctor Cabrera
9z5kxLlqA3,Víctor Pérez
NPqxmyKjQ9,Víctor Rodríguez
e7MzXrOqr0,Víctor Vázquez
2lqRk3EJQr,Walker Hume
kRQabvYbMK,Walker Zimmerman
XVqKwawq01,Walter Martinez
gpMOzy3RQz,Walter Restrepo
xW5p8k95g1,Walter Vílchez
315VX3kGQ9,Wan Kuzain
kRQabJDgMK,Wandrille Lefevre
KPqjoWKRQ6,Warren Creavalle
Oa5wVojBM1,Washington Corozo
xW5pxzbB5g,Waylon Francis
0Oq6LpK2M6,Wayne Frederick
gjMN69KMKp,Wayne Rooney
315VrKY59x,Wells Thompson
BLMv7wr75x,Wessel Speel
7VqG08wXQv,Wikelman Carmona
2lqRJgb2qr,Wiktor Bogacz
0Oq6lyNdM6,Wil Trapp
EGMPn164qa,Wilder Cartagena
NWMWVgnDQl,Wilfrid Kaptoum
BLMvXoBqxe,Wilfried Moimbé
KAqBxEWMbg,Wilfried Zaha
9z5kaAnKQA,Wilfried Zahibo
9vQ2dZE15K,Will Bruin
xW5pK0JMg1,Will Johnson
BLMv70kA5x,Will Richmond
7vQ7rA7YqD,Will Sands
e7MzZprjMr,William Agada
EGMPRxR4qa,William Kumado
ljqELGYo5x,William Reilly
e7Mz9eOGQr,William Yarbrough
BLMvzGl8Mx,Wilson Harris
gjMN37Y5Kp,Winston Reid
eV5D21BAQK,Wyatt Meyer
0Oq63JA7Q6,Wyatt Omsberg
9Yqd6pKkMv,Xande Silva
KXMekg02q6,Xavier Arreaga
gjMNvP63MK,Xavier Kouassi
wvq90Ym5Wn,Xherdan Shaqiri
vzqo71pNqa,Yair Arboleda
gjMNvZdBMK,Yamil Asad
e7Mzljpjqr,Yangel Herrera
gOMnbn8MwN,Yannick Boli
Xj5YyNjE5b,Yannick Bright
NPqxPAxq9d,Yannick Djaló
gOMn6NBlMw,Yaw Yeboah
odMX8vKoMY,Yazid Atouba
odMXRrOAqY,Yeferson Quintana
9z5k7OJJ5A,Yeferson Soteldo
2lqRknk2Qr,Yeimar Gómez Andrade
EGMPZxNrqa,Yekeson Subah
BLMv7wO85x,Yerson Mosquera
4wM4aNJN5j,Yevhen Cheberko
wvq9p10l5W,Yimmi Chará
9Yqdk9bk5v,Yohan Croizet
7VqG07YAQv,Yohei Takaoka
kRQabXDmMK,Yony González
a35rl7d4QL,Yordany Alvarez
Xj5Y87GAMb,Yordy Reyna
vzqorOPY5a,Yoshimar Yotún
aDQ0l9zGQE,Yosuke Hanya
ljqELaBw5x,Youba Diarra
odMXRNkeqY,Younes Namli
eV5D0wxa5K,Youness Mokhtar
4wM40zyMjB,Yura Movsisyan
9vQ2NWOYQK,Yutaro Tsukada
XVqKYp2DM0,Yuya Kubo
xW5pxy3l5g,Zac MacMath
odMX7XZoQY,Zac McGraw
eVq3VGn5WO,Zach Loyd
9vQ2djYr5K,Zach Pfeffer
9Yqd6OVEMv,Zach Ryan
Vj581dmq8n,Zach Scott
Oa5wVeoYM1,Zach Steinberger
vzqo7onNqa,Zachary Brault-Guillard
wvq9gNWlMW,Zachary Herivaux
ljqEjOpzQx,Zack Steffen
XVqKYj3DM0,Zakaria Diallo
zeQZe4aYqK,Zakaria Taifi
2lqRjYLWqr,Zane Monlouis
Pk5LJZZQOW,Zanka
zeQZJX1KQK,Zarek Valentin
3Xj5Y7wQbd,Zat Knight
gpMOeEnOqz,Zavier Gozo
XVqKemLRM0,Zayden Bello
Vj58xDE58n,Zdenek Ondrasek
raMyArxkMd,Zeca
XVqKWA9Bq0,Zico Bailey
gpMOoayMzy,Zlatan Ibrahimovic
raMyRP25d2,Zoltán Stieber
vzqodkKBQa,Zorhan Bassong
eVq3epZwMW,Álvaro Augusto
BLMv7ZBA5x,Álvaro Barreal
7VqG82XQvW,Álvaro Fernández
gpMOzZlrQz,Álvaro Medrán
0x5gWwgr57,Álvaro Quezada
KAqBj984qb,Álvaro Rey
KAqBdbAMbg,Álvaro Saborio
7vQ7xWmYMD,Édier Ocampo
vzqorOeB5a,Éric Davis
ljqEjvzwQx,Érik Correa
xW5pyPEYqg,Érik Dueñas
gOMn6yyXMw,Éver Alvarado
gpMO4XD5zy,Óscar Ustari
OlMlrWG4qL,Øyvind Alseth
9YqdolyR5v,Đorđe Petrović
ljqE2ekNQx,Žan Kolmanič
